"","X","Direction.x","logFC.x","P.Value.x","assay.x","path_dir.x","Direction.y","logFC.y","P.Value.y","assay.y","path_dir.y"
"1","BIOCARTA_AKAP13_PATHWAY","UP",0.160399090403381,4.76880099885559e-09,"Mayo","UP: BIOCARTA_AKAP13_PATHWAY","UP",0.105631200664815,0.000121528521173958,"MSBB","UP: BIOCARTA_AKAP13_PATHWAY"
"2","BIOCARTA_AKAP95_PATHWAY","DOWN",-0.0642582133341683,0.00456430019392695,"Mayo","DOWN: BIOCARTA_AKAP95_PATHWAY","DOWN",-0.0984814772335756,0.000460787535913317,"MSBB","DOWN: BIOCARTA_AKAP95_PATHWAY"
"3","BIOCARTA_ALK_PATHWAY","UP",0.218818438609808,4.25323410962439e-14,"Mayo","UP: BIOCARTA_ALK_PATHWAY","UP",0.131216194772485,5.48943679380801e-06,"MSBB","UP: BIOCARTA_ALK_PATHWAY"
"4","BIOCARTA_CALCINEURIN_PATHWAY","UP",0.117923531605736,1.84701486371689e-08,"Mayo","UP: BIOCARTA_CALCINEURIN_PATHWAY","UP",0.0849432838579138,0.00205259339769508,"MSBB","UP: BIOCARTA_CALCINEURIN_PATHWAY"
"5","BIOCARTA_CARDIACEGF_PATHWAY","UP",0.242744094926846,7.00833605718585e-09,"Mayo","UP: BIOCARTA_CARDIACEGF_PATHWAY","UP",0.14259703860451,0.00145438940509024,"MSBB","UP: BIOCARTA_CARDIACEGF_PATHWAY"
"6","BIOCARTA_CHEMICAL_PATHWAY","UP",0.100569718990268,1.35566429971515e-07,"Mayo","UP: BIOCARTA_CHEMICAL_PATHWAY","UP",0.0692484904013546,0.000345628796352441,"MSBB","UP: BIOCARTA_CHEMICAL_PATHWAY"
"7","BIOCARTA_CHREBP2_PATHWAY","DOWN",-0.0656901454282419,3.5577156269142e-05,"Mayo","DOWN: BIOCARTA_CHREBP2_PATHWAY","DOWN",-0.0775000966936312,7.66104392689507e-05,"MSBB","DOWN: BIOCARTA_CHREBP2_PATHWAY"
"8","BIOCARTA_CK1_PATHWAY","DOWN",-0.121113152731437,0.000543257866068868,"Mayo","DOWN: BIOCARTA_CK1_PATHWAY","DOWN",-0.152634021242345,0.00155525257989157,"MSBB","DOWN: BIOCARTA_CK1_PATHWAY"
"9","BIOCARTA_CTCF_PATHWAY","UP",0.219953608853928,4.80353338453553e-13,"Mayo","UP: BIOCARTA_CTCF_PATHWAY","UP",0.148914951324926,0.000385315742539839,"MSBB","UP: BIOCARTA_CTCF_PATHWAY"
"10","BIOCARTA_CXCR4_PATHWAY","UP",0.09702195129075,7.1820458693204e-06,"Mayo","UP: BIOCARTA_CXCR4_PATHWAY","UP",0.0918092764048331,5.29405640000952e-05,"MSBB","UP: BIOCARTA_CXCR4_PATHWAY"
"11","BIOCARTA_ECM_PATHWAY","UP",0.175199653612012,3.97172624871514e-10,"Mayo","UP: BIOCARTA_ECM_PATHWAY","UP",0.148550967255985,1.73214452145872e-06,"MSBB","UP: BIOCARTA_ECM_PATHWAY"
"12","BIOCARTA_EPO_PATHWAY","UP",0.112082055430529,2.49686085161002e-05,"Mayo","UP: BIOCARTA_EPO_PATHWAY","UP",0.107209282511105,0.00105989704633809,"MSBB","UP: BIOCARTA_EPO_PATHWAY"
"13","BIOCARTA_FAS_PATHWAY","UP",0.0645413618369955,0.000665964130079556,"Mayo","UP: BIOCARTA_FAS_PATHWAY","UP",0.0909539642331407,0.000120489284607072,"MSBB","UP: BIOCARTA_FAS_PATHWAY"
"14","BIOCARTA_G1_PATHWAY","UP",0.0684091779181646,0.00345703001206162,"Mayo","UP: BIOCARTA_G1_PATHWAY","UP",0.0960486450693196,0.00145225759503807,"MSBB","UP: BIOCARTA_G1_PATHWAY"
"15","BIOCARTA_GCR_PATHWAY","UP",0.154092862476902,7.1551320782227e-12,"Mayo","UP: BIOCARTA_GCR_PATHWAY","UP",0.0711688098529852,0.0010151178767849,"MSBB","UP: BIOCARTA_GCR_PATHWAY"
"16","BIOCARTA_GH_PATHWAY","UP",0.0462417116796892,0.00098699354748317,"Mayo","UP: BIOCARTA_GH_PATHWAY","UP",0.0508785522309899,0.00151720643837139,"MSBB","UP: BIOCARTA_GH_PATHWAY"
"17","BIOCARTA_GPCR_PATHWAY","UP",0.0501532245874126,0.000800444597954389,"Mayo","UP: BIOCARTA_GPCR_PATHWAY","UP",0.0458020495056388,0.00262990785118234,"MSBB","UP: BIOCARTA_GPCR_PATHWAY"
"18","BIOCARTA_HER2_PATHWAY","UP",0.0904411748128542,2.01687090453498e-05,"Mayo","UP: BIOCARTA_HER2_PATHWAY","UP",0.0894231367412471,3.03652815764673e-05,"MSBB","UP: BIOCARTA_HER2_PATHWAY"
"19","BIOCARTA_HSP27_PATHWAY","UP",0.10270857864595,0.000622017767366429,"Mayo","UP: BIOCARTA_HSP27_PATHWAY","UP",0.228617828724784,7.57852060929322e-05,"MSBB","UP: BIOCARTA_HSP27_PATHWAY"
"20","BIOCARTA_IL12_PATHWAY","DOWN",-0.146002444148552,2.13338309774755e-07,"Mayo","DOWN: BIOCARTA_IL12_PATHWAY","DOWN",-0.183693508612845,1.0376002160404e-05,"MSBB","DOWN: BIOCARTA_IL12_PATHWAY"
"21","BIOCARTA_IL3_PATHWAY","UP",0.113066027111015,0.00090360336117677,"Mayo","UP: BIOCARTA_IL3_PATHWAY","UP",0.131403118917266,0.00137295907268586,"MSBB","UP: BIOCARTA_IL3_PATHWAY"
"22","BIOCARTA_IL6_PATHWAY","UP",0.188846066761305,2.28431069995502e-07,"Mayo","UP: BIOCARTA_IL6_PATHWAY","UP",0.148961839471581,0.001979625269132,"MSBB","UP: BIOCARTA_IL6_PATHWAY"
"23","BIOCARTA_INTEGRIN_PATHWAY","UP",0.103964944370737,1.148811328939e-10,"Mayo","UP: BIOCARTA_INTEGRIN_PATHWAY","UP",0.11273887563659,2.90603562311502e-06,"MSBB","UP: BIOCARTA_INTEGRIN_PATHWAY"
"24","BIOCARTA_MCALPAIN_PATHWAY","UP",0.173286143716808,1.17018821906782e-10,"Mayo","UP: BIOCARTA_MCALPAIN_PATHWAY","UP",0.131862641012543,1.32455174337339e-06,"MSBB","UP: BIOCARTA_MCALPAIN_PATHWAY"
"25","BIOCARTA_MCM_PATHWAY","DOWN",-0.19227520624476,8.1269471591659e-12,"Mayo","DOWN: BIOCARTA_MCM_PATHWAY","DOWN",-0.119860121447589,0.000467409817485641,"MSBB","DOWN: BIOCARTA_MCM_PATHWAY"
"26","BIOCARTA_MEF2D_PATHWAY","UP",0.0705023743930333,5.83132006650449e-06,"Mayo","UP: BIOCARTA_MEF2D_PATHWAY","UP",0.0589351697438651,8.93049835970476e-05,"MSBB","UP: BIOCARTA_MEF2D_PATHWAY"
"27","BIOCARTA_MET_PATHWAY","UP",0.106932270832958,1.37934063283833e-11,"Mayo","UP: BIOCARTA_MET_PATHWAY","UP",0.0689299355362428,0.00037393046715352,"MSBB","UP: BIOCARTA_MET_PATHWAY"
"28","BIOCARTA_MTOR_PATHWAY","DOWN",-0.0717766720832471,1.60491461878527e-05,"Mayo","DOWN: BIOCARTA_MTOR_PATHWAY","DOWN",-0.0779568768253345,0.000170661293355918,"MSBB","DOWN: BIOCARTA_MTOR_PATHWAY"
"29","BIOCARTA_NDKDYNAMIN_PATHWAY","DOWN",-0.0879663995510143,0.00172768176706332,"Mayo","DOWN: BIOCARTA_NDKDYNAMIN_PATHWAY","DOWN",-0.091090472947235,0.000557174888993766,"MSBB","DOWN: BIOCARTA_NDKDYNAMIN_PATHWAY"
"30","BIOCARTA_NFKB_PATHWAY","UP",0.207396850241096,4.36739581784003e-09,"Mayo","UP: BIOCARTA_NFKB_PATHWAY","UP",0.133613799442871,0.00262301426680879,"MSBB","UP: BIOCARTA_NFKB_PATHWAY"
"31","BIOCARTA_NTHI_PATHWAY","UP",0.193170678667891,5.58973242521317e-08,"Mayo","UP: BIOCARTA_NTHI_PATHWAY","UP",0.169296065602511,0.000108986605911725,"MSBB","UP: BIOCARTA_NTHI_PATHWAY"
"32","BIOCARTA_P27_PATHWAY","DOWN",-0.065794503492564,0.000191582643836251,"Mayo","DOWN: BIOCARTA_P27_PATHWAY","DOWN",-0.10802878582543,7.7183273779421e-06,"MSBB","DOWN: BIOCARTA_P27_PATHWAY"
"33","BIOCARTA_PML_PATHWAY","UP",0.151078095004848,1.05292438058395e-05,"Mayo","UP: BIOCARTA_PML_PATHWAY","UP",0.157010705227766,0.00118920169673843,"MSBB","UP: BIOCARTA_PML_PATHWAY"
"34","BIOCARTA_PTDINS_PATHWAY","DOWN",-0.105529505713854,2.60060099381497e-07,"Mayo","DOWN: BIOCARTA_PTDINS_PATHWAY","DOWN",-0.129835858267314,2.80263189407438e-07,"MSBB","DOWN: BIOCARTA_PTDINS_PATHWAY"
"35","BIOCARTA_RAC1_PATHWAY","DOWN",-0.0915740772472418,3.37194652915638e-05,"Mayo","DOWN: BIOCARTA_RAC1_PATHWAY","DOWN",-0.0925637330463746,9.79868918145484e-06,"MSBB","DOWN: BIOCARTA_RAC1_PATHWAY"
"36","BIOCARTA_RANMS_PATHWAY","DOWN",-0.0707500657535243,0.00351173264084762,"Mayo","DOWN: BIOCARTA_RANMS_PATHWAY","DOWN",-0.144457842898002,8.36743531918072e-08,"MSBB","DOWN: BIOCARTA_RANMS_PATHWAY"
"37","BIOCARTA_RAS_PATHWAY","UP",0.109472202675777,1.371851309114e-05,"Mayo","UP: BIOCARTA_RAS_PATHWAY","UP",0.0798625276394671,0.00205224503488694,"MSBB","UP: BIOCARTA_RAS_PATHWAY"
"38","BIOCARTA_SKP2E2F_PATHWAY","DOWN",-0.114727205743707,1.69281664402483e-08,"Mayo","DOWN: BIOCARTA_SKP2E2F_PATHWAY","DOWN",-0.0945334369096808,0.000555488668304877,"MSBB","DOWN: BIOCARTA_SKP2E2F_PATHWAY"
"39","BIOCARTA_STATHMIN_PATHWAY","DOWN",-0.125807495503411,0.000718079908130957,"Mayo","DOWN: BIOCARTA_STATHMIN_PATHWAY","DOWN",-0.134859483319036,0.000839422213542704,"MSBB","DOWN: BIOCARTA_STATHMIN_PATHWAY"
"40","BIOCARTA_TCR_PATHWAY","UP",0.0811697913718933,5.743527942712e-06,"Mayo","UP: BIOCARTA_TCR_PATHWAY","UP",0.0784669541883561,0.000222959107966937,"MSBB","UP: BIOCARTA_TCR_PATHWAY"
"41","BIOCARTA_TGFB_PATHWAY","UP",0.191522996915592,2.73622420154141e-10,"Mayo","UP: BIOCARTA_TGFB_PATHWAY","UP",0.185246361476445,4.85521282971154e-07,"MSBB","UP: BIOCARTA_TGFB_PATHWAY"
"42","BIOCARTA_TOB1_PATHWAY","UP",0.419223259508526,8.64381142025706e-14,"Mayo","UP: BIOCARTA_TOB1_PATHWAY","UP",0.42199948567956,5.93043716517532e-06,"MSBB","UP: BIOCARTA_TOB1_PATHWAY"
"43","BIOCARTA_TOLL_PATHWAY","UP",0.135518311833221,9.20495203851818e-07,"Mayo","UP: BIOCARTA_TOLL_PATHWAY","UP",0.0936815583107325,0.00318312234614394,"MSBB","UP: BIOCARTA_TOLL_PATHWAY"
"44","BIOCARTA_TPO_PATHWAY","UP",0.109281491078025,9.98302827589873e-05,"Mayo","UP: BIOCARTA_TPO_PATHWAY","UP",0.121282572165593,0.000106307455128317,"MSBB","UP: BIOCARTA_TPO_PATHWAY"
"45","BIOCARTA_UCALPAIN_PATHWAY","UP",0.073017589688576,0.000275984042445069,"Mayo","UP: BIOCARTA_UCALPAIN_PATHWAY","UP",0.0821151126660189,4.99861055255962e-05,"MSBB","UP: BIOCARTA_UCALPAIN_PATHWAY"
"46","BIOCARTA_VDR_PATHWAY","UP",0.114700209204201,0.000406311752165656,"Mayo","UP: BIOCARTA_VDR_PATHWAY","UP",0.205427132637891,2.76976599395001e-06,"MSBB","UP: BIOCARTA_VDR_PATHWAY"
"47","KEGG_ADHERENS_JUNCTION","UP",0.0750354376128366,4.21692699523208e-07,"Mayo","UP: KEGG_ADHERENS_JUNCTION","UP",0.082006590783698,3.81751413971717e-05,"MSBB","UP: KEGG_ADHERENS_JUNCTION"
"48","KEGG_ALANINE_ASPARTATE_AND_GLUTAMATE_METABOLISM","DOWN",-0.167828433369464,3.11652624458803e-09,"Mayo","DOWN: KEGG_ALANINE_ASPARTATE_AND_GLUTAMATE_METABOLISM","DOWN",-0.115650086552832,0.000509006838837305,"MSBB","DOWN: KEGG_ALANINE_ASPARTATE_AND_GLUTAMATE_METABOLISM"
"49","KEGG_AMINOACYL_TRNA_BIOSYNTHESIS","DOWN",-0.0815121097774212,0.00375843138714044,"Mayo","DOWN: KEGG_AMINOACYL_TRNA_BIOSYNTHESIS","DOWN",-0.116463431930928,2.75163205830886e-05,"MSBB","DOWN: KEGG_AMINOACYL_TRNA_BIOSYNTHESIS"
"50","KEGG_BASAL_TRANSCRIPTION_FACTORS","DOWN",-0.127868154118929,3.75448972702194e-12,"Mayo","DOWN: KEGG_BASAL_TRANSCRIPTION_FACTORS","DOWN",-0.113726760936131,5.98693365771449e-06,"MSBB","DOWN: KEGG_BASAL_TRANSCRIPTION_FACTORS"
"51","KEGG_BASE_EXCISION_REPAIR","DOWN",-0.102228986587885,2.34383285252478e-05,"Mayo","DOWN: KEGG_BASE_EXCISION_REPAIR","DOWN",-0.0841641586666688,0.000179644911772139,"MSBB","DOWN: KEGG_BASE_EXCISION_REPAIR"
"52","KEGG_CARDIAC_MUSCLE_CONTRACTION","DOWN",-0.116194219502391,1.72145365394052e-05,"Mayo","DOWN: KEGG_CARDIAC_MUSCLE_CONTRACTION","DOWN",-0.169069504446586,2.1178263220575e-06,"MSBB","DOWN: KEGG_CARDIAC_MUSCLE_CONTRACTION"
"53","KEGG_CELL_ADHESION_MOLECULES_CAMS","UP",0.0955126462746283,0.000167769050379292,"Mayo","UP: KEGG_CELL_ADHESION_MOLECULES_CAMS","UP",0.114507212750567,0.000956505438594228,"MSBB","UP: KEGG_CELL_ADHESION_MOLECULES_CAMS"
"54","KEGG_CHRONIC_MYELOID_LEUKEMIA","UP",0.0809963451172144,1.79616695984392e-05,"Mayo","UP: KEGG_CHRONIC_MYELOID_LEUKEMIA","UP",0.074023901036095,0.000822002572041671,"MSBB","UP: KEGG_CHRONIC_MYELOID_LEUKEMIA"
"55","KEGG_CYTOKINE_CYTOKINE_RECEPTOR_INTERACTION","UP",0.137101772902559,7.91235195460931e-09,"Mayo","UP: KEGG_CYTOKINE_CYTOKINE_RECEPTOR_INTERACTION","UP",0.0982638147235924,0.000138772947599366,"MSBB","UP: KEGG_CYTOKINE_CYTOKINE_RECEPTOR_INTERACTION"
"56","KEGG_DNA_REPLICATION","DOWN",-0.132304974602151,3.80903921710997e-06,"Mayo","DOWN: KEGG_DNA_REPLICATION","DOWN",-0.0841719007390753,0.00265604871805896,"MSBB","DOWN: KEGG_DNA_REPLICATION"
"57","KEGG_DORSO_VENTRAL_AXIS_FORMATION","UP",0.133337130150527,4.60310969165003e-08,"Mayo","UP: KEGG_DORSO_VENTRAL_AXIS_FORMATION","UP",0.0960035193036251,0.000770426488450042,"MSBB","UP: KEGG_DORSO_VENTRAL_AXIS_FORMATION"
"58","KEGG_DRUG_METABOLISM_OTHER_ENZYMES","DOWN",-0.124578920662524,1.20199900057097e-07,"Mayo","DOWN: KEGG_DRUG_METABOLISM_OTHER_ENZYMES","DOWN",-0.0985978020736604,0.000360311219145624,"MSBB","DOWN: KEGG_DRUG_METABOLISM_OTHER_ENZYMES"
"59","KEGG_ECM_RECEPTOR_INTERACTION","UP",0.133308737996443,5.16660396189682e-09,"Mayo","UP: KEGG_ECM_RECEPTOR_INTERACTION","UP",0.167795362556752,5.68448920865958e-05,"MSBB","UP: KEGG_ECM_RECEPTOR_INTERACTION"
"60","KEGG_FC_EPSILON_RI_SIGNALING_PATHWAY","DOWN",-0.0560932153796297,0.000473028764084011,"Mayo","DOWN: KEGG_FC_EPSILON_RI_SIGNALING_PATHWAY","DOWN",-0.0573965237125018,0.00305135836532244,"MSBB","DOWN: KEGG_FC_EPSILON_RI_SIGNALING_PATHWAY"
"61","KEGG_FOCAL_ADHESION","UP",0.0734353731489819,6.19502161015183e-10,"Mayo","UP: KEGG_FOCAL_ADHESION","UP",0.0679375602382,0.000499907203603946,"MSBB","UP: KEGG_FOCAL_ADHESION"
"62","KEGG_FRUCTOSE_AND_MANNOSE_METABOLISM","DOWN",-0.0657145460081762,0.000266438315814675,"Mayo","DOWN: KEGG_FRUCTOSE_AND_MANNOSE_METABOLISM","DOWN",-0.0763230779869368,0.000576354240470418,"MSBB","DOWN: KEGG_FRUCTOSE_AND_MANNOSE_METABOLISM"
"63","KEGG_GLYCEROLIPID_METABOLISM","DOWN",-0.0913167071469035,1.40330832602914e-05,"Mayo","DOWN: KEGG_GLYCEROLIPID_METABOLISM","DOWN",-0.105449348143183,1.96061743574189e-06,"MSBB","DOWN: KEGG_GLYCEROLIPID_METABOLISM"
"64","KEGG_GLYCEROPHOSPHOLIPID_METABOLISM","DOWN",-0.0942396654990663,4.47577008578314e-08,"Mayo","DOWN: KEGG_GLYCEROPHOSPHOLIPID_METABOLISM","DOWN",-0.0656143334887249,0.00228450332629516,"MSBB","DOWN: KEGG_GLYCEROPHOSPHOLIPID_METABOLISM"
"65","KEGG_GLYCOSAMINOGLYCAN_BIOSYNTHESIS_HEPARAN_SULFATE","DOWN",-0.145857007130906,0.000101382947043581,"Mayo","DOWN: KEGG_GLYCOSAMINOGLYCAN_BIOSYNTHESIS_HEPARAN_SULFATE","DOWN",-0.152977923447305,0.00225626993289675,"MSBB","DOWN: KEGG_GLYCOSAMINOGLYCAN_BIOSYNTHESIS_HEPARAN_SULFATE"
"66","KEGG_GLYCOSPHINGOLIPID_BIOSYNTHESIS_GANGLIO_SERIES","DOWN",-0.109186670556374,0.00178246733345704,"Mayo","DOWN: KEGG_GLYCOSPHINGOLIPID_BIOSYNTHESIS_GANGLIO_SERIES","DOWN",-0.180976783196557,0.000140827178553453,"MSBB","DOWN: KEGG_GLYCOSPHINGOLIPID_BIOSYNTHESIS_GANGLIO_SERIES"
"67","KEGG_GLYOXYLATE_AND_DICARBOXYLATE_METABOLISM","DOWN",-0.140664570728993,8.92011845036035e-08,"Mayo","DOWN: KEGG_GLYOXYLATE_AND_DICARBOXYLATE_METABOLISM","DOWN",-0.0949820033518623,0.000160326748859631,"MSBB","DOWN: KEGG_GLYOXYLATE_AND_DICARBOXYLATE_METABOLISM"
"68","KEGG_HUNTINGTONS_DISEASE","DOWN",-0.0545891179410769,0.000111037609029131,"Mayo","DOWN: KEGG_HUNTINGTONS_DISEASE","DOWN",-0.116909001769328,5.46408827479292e-07,"MSBB","DOWN: KEGG_HUNTINGTONS_DISEASE"
"69","KEGG_LEUKOCYTE_TRANSENDOTHELIAL_MIGRATION","UP",0.0911028380058261,7.84973351377196e-07,"Mayo","UP: KEGG_LEUKOCYTE_TRANSENDOTHELIAL_MIGRATION","UP",0.0965458843585762,0.000245833621953531,"MSBB","UP: KEGG_LEUKOCYTE_TRANSENDOTHELIAL_MIGRATION"
"70","KEGG_NEUROACTIVE_LIGAND_RECEPTOR_INTERACTION","DOWN",-0.145815306486504,5.48428721054031e-05,"Mayo","DOWN: KEGG_NEUROACTIVE_LIGAND_RECEPTOR_INTERACTION","DOWN",-0.156358460798607,0.000652076720592018,"MSBB","DOWN: KEGG_NEUROACTIVE_LIGAND_RECEPTOR_INTERACTION"
"71","KEGG_NITROGEN_METABOLISM","DOWN",-0.11720556952888,3.48907582798086e-05,"Mayo","DOWN: KEGG_NITROGEN_METABOLISM","DOWN",-0.145901424013313,1.39088553999285e-05,"MSBB","DOWN: KEGG_NITROGEN_METABOLISM"
"72","KEGG_PANTOTHENATE_AND_COA_BIOSYNTHESIS","DOWN",-0.157594651574296,1.57682262207338e-11,"Mayo","DOWN: KEGG_PANTOTHENATE_AND_COA_BIOSYNTHESIS","DOWN",-0.102346570405845,0.000426161927888195,"MSBB","DOWN: KEGG_PANTOTHENATE_AND_COA_BIOSYNTHESIS"
"73","KEGG_PATHWAYS_IN_CANCER","UP",0.0308444588298045,0.000421927372258811,"Mayo","UP: KEGG_PATHWAYS_IN_CANCER","UP",0.0296936137879216,0.0017947745075194,"MSBB","UP: KEGG_PATHWAYS_IN_CANCER"
"74","KEGG_PROGESTERONE_MEDIATED_OOCYTE_MATURATION","DOWN",-0.0686094075328441,5.16405874889359e-05,"Mayo","DOWN: KEGG_PROGESTERONE_MEDIATED_OOCYTE_MATURATION","DOWN",-0.0811813040695172,0.000148407226891926,"MSBB","DOWN: KEGG_PROGESTERONE_MEDIATED_OOCYTE_MATURATION"
"75","KEGG_PROSTATE_CANCER","UP",0.0591455914583497,2.76008397621249e-05,"Mayo","UP: KEGG_PROSTATE_CANCER","UP",0.0571975861239551,0.000179421737789885,"MSBB","UP: KEGG_PROSTATE_CANCER"
"76","KEGG_PURINE_METABOLISM","DOWN",-0.0987194881156165,3.47622036410315e-08,"Mayo","DOWN: KEGG_PURINE_METABOLISM","DOWN",-0.0911571594302106,7.6681139455644e-05,"MSBB","DOWN: KEGG_PURINE_METABOLISM"
"77","KEGG_PYRIMIDINE_METABOLISM","DOWN",-0.11499319100154,9.89898461803449e-09,"Mayo","DOWN: KEGG_PYRIMIDINE_METABOLISM","DOWN",-0.103752849739643,1.22196459234541e-05,"MSBB","DOWN: KEGG_PYRIMIDINE_METABOLISM"
"78","KEGG_REGULATION_OF_ACTIN_CYTOSKELETON","UP",0.0646048261461534,7.72388838312157e-10,"Mayo","UP: KEGG_REGULATION_OF_ACTIN_CYTOSKELETON","UP",0.0627090035161619,5.10347976227093e-07,"MSBB","UP: KEGG_REGULATION_OF_ACTIN_CYTOSKELETON"
"79","KEGG_REGULATION_OF_AUTOPHAGY","DOWN",-0.0925665208696538,1.98642249401263e-05,"Mayo","DOWN: KEGG_REGULATION_OF_AUTOPHAGY","DOWN",-0.0783378011116137,0.00118771716361202,"MSBB","DOWN: KEGG_REGULATION_OF_AUTOPHAGY"
"80","KEGG_RIBOFLAVIN_METABOLISM","DOWN",-0.210140192583476,2.16941090428064e-08,"Mayo","DOWN: KEGG_RIBOFLAVIN_METABOLISM","DOWN",-0.201298191722804,3.38068594446516e-05,"MSBB","DOWN: KEGG_RIBOFLAVIN_METABOLISM"
"81","KEGG_RNA_DEGRADATION","DOWN",-0.0901002213607633,3.56471740323577e-07,"Mayo","DOWN: KEGG_RNA_DEGRADATION","DOWN",-0.0613687839714778,0.000195850910173042,"MSBB","DOWN: KEGG_RNA_DEGRADATION"
"82","KEGG_RNA_POLYMERASE","DOWN",-0.139996149839567,1.14578756570475e-07,"Mayo","DOWN: KEGG_RNA_POLYMERASE","DOWN",-0.161471006690891,7.77502925319573e-07,"MSBB","DOWN: KEGG_RNA_POLYMERASE"
"83","KEGG_SELENOAMINO_ACID_METABOLISM","DOWN",-0.0540564663051237,0.000770189595914628,"Mayo","DOWN: KEGG_SELENOAMINO_ACID_METABOLISM","DOWN",-0.0849850296220471,5.11784730087403e-05,"MSBB","DOWN: KEGG_SELENOAMINO_ACID_METABOLISM"
"84","KEGG_TGF_BETA_SIGNALING_PATHWAY","UP",0.149824851355321,9.25040891396992e-12,"Mayo","UP: KEGG_TGF_BETA_SIGNALING_PATHWAY","UP",0.143548014200004,9.92888453435903e-07,"MSBB","UP: KEGG_TGF_BETA_SIGNALING_PATHWAY"
"85","KEGG_TYPE_II_DIABETES_MELLITUS","DOWN",-0.131083740353915,9.76760886370149e-05,"Mayo","DOWN: KEGG_TYPE_II_DIABETES_MELLITUS","DOWN",-0.142722553203635,0.000105585004266609,"MSBB","DOWN: KEGG_TYPE_II_DIABETES_MELLITUS"
"86","KEGG_TYROSINE_METABOLISM","DOWN",-0.114992679487047,1.10691776891661e-07,"Mayo","DOWN: KEGG_TYROSINE_METABOLISM","DOWN",-0.074318972306926,0.000307136626536505,"MSBB","DOWN: KEGG_TYROSINE_METABOLISM"
"87","KEGG_UBIQUITIN_MEDIATED_PROTEOLYSIS","DOWN",-0.0891895976704979,5.52973705524267e-11,"Mayo","DOWN: KEGG_UBIQUITIN_MEDIATED_PROTEOLYSIS","DOWN",-0.0624810246878845,2.86892046791011e-05,"MSBB","DOWN: KEGG_UBIQUITIN_MEDIATED_PROTEOLYSIS"
"88","NABA_PROTEOGLYCANS","UP",0.270725571425835,8.42648469792558e-11,"Mayo","UP: NABA_PROTEOGLYCANS","UP",0.224084630314959,7.87686025583058e-05,"MSBB","UP: NABA_PROTEOGLYCANS"
"89","PID_A6B1_A6B4_INTEGRIN_PATHWAY","UP",0.141989857168964,7.71998386513555e-08,"Mayo","UP: PID_A6B1_A6B4_INTEGRIN_PATHWAY","UP",0.126586095416775,4.02626247809965e-05,"MSBB","UP: PID_A6B1_A6B4_INTEGRIN_PATHWAY"
"90","PID_AJDISS_2PATHWAY","UP",0.104421231462769,3.76303263545042e-06,"Mayo","UP: PID_AJDISS_2PATHWAY","UP",0.111091098422378,2.49043367406167e-05,"MSBB","UP: PID_AJDISS_2PATHWAY"
"91","PID_ALK1_PATHWAY","UP",0.168696019888506,2.84699304289845e-06,"Mayo","UP: PID_ALK1_PATHWAY","UP",0.190410288658317,2.28722891916716e-05,"MSBB","UP: PID_ALK1_PATHWAY"
"92","PID_AMB2_NEUTROPHILS_PATHWAY","UP",0.119960304800948,8.51509053141065e-06,"Mayo","UP: PID_AMB2_NEUTROPHILS_PATHWAY","UP",0.146813453701255,6.59695679378555e-05,"MSBB","UP: PID_AMB2_NEUTROPHILS_PATHWAY"
"93","PID_ANGIOPOIETIN_RECEPTOR_PATHWAY","UP",0.205614756778687,2.14202274172892e-13,"Mayo","UP: PID_ANGIOPOIETIN_RECEPTOR_PATHWAY","UP",0.144200830149173,0.000278642987676122,"MSBB","UP: PID_ANGIOPOIETIN_RECEPTOR_PATHWAY"
"94","PID_AP1_PATHWAY","UP",0.139111418369792,0.00017530013823153,"Mayo","UP: PID_AP1_PATHWAY","UP",0.167688026169421,0.0015760771757827,"MSBB","UP: PID_AP1_PATHWAY"
"95","PID_ARF6_TRAFFICKING_PATHWAY","UP",0.0629918796743791,0.000135453518816636,"Mayo","UP: PID_ARF6_TRAFFICKING_PATHWAY","UP",0.0717588678221701,0.000841196422483616,"MSBB","UP: PID_ARF6_TRAFFICKING_PATHWAY"
"96","PID_ATR_PATHWAY","DOWN",-0.125942976267728,8.77184068209555e-11,"Mayo","DOWN: PID_ATR_PATHWAY","DOWN",-0.0809604589591804,0.000607375283263233,"MSBB","DOWN: PID_ATR_PATHWAY"
"97","PID_AVB3_INTEGRIN_PATHWAY","UP",0.0621956261790386,0.00094939292330677,"Mayo","UP: PID_AVB3_INTEGRIN_PATHWAY","UP",0.0914380576723756,0.00104131859111524,"MSBB","UP: PID_AVB3_INTEGRIN_PATHWAY"
"98","PID_AVB3_OPN_PATHWAY","UP",0.130062246906725,2.95133545372396e-07,"Mayo","UP: PID_AVB3_OPN_PATHWAY","UP",0.138281682312532,7.92538068630477e-05,"MSBB","UP: PID_AVB3_OPN_PATHWAY"
"99","PID_BMP_PATHWAY","UP",0.129972806236143,1.17391463670977e-09,"Mayo","UP: PID_BMP_PATHWAY","UP",0.11053699619788,7.47614201097955e-06,"MSBB","UP: PID_BMP_PATHWAY"
"100","PID_CXCR4_PATHWAY","UP",0.0460927332180328,0.000925319464799926,"Mayo","UP: PID_CXCR4_PATHWAY","UP",0.0661660836958941,0.000476624891620305,"MSBB","UP: PID_CXCR4_PATHWAY"
"101","PID_DELTA_NP63_PATHWAY","UP",0.0995800774207101,2.56117061872622e-05,"Mayo","UP: PID_DELTA_NP63_PATHWAY","UP",0.105112795005853,0.00037116194628481,"MSBB","UP: PID_DELTA_NP63_PATHWAY"
"102","PID_DNA_PK_PATHWAY","DOWN",-0.154283726000395,9.3771185619429e-12,"Mayo","DOWN: PID_DNA_PK_PATHWAY","DOWN",-0.0720908666091603,0.00166843542222618,"MSBB","DOWN: PID_DNA_PK_PATHWAY"
"103","PID_ECADHERIN_NASCENT_AJ_PATHWAY","UP",0.0472582414908285,0.00307136517078767,"Mayo","UP: PID_ECADHERIN_NASCENT_AJ_PATHWAY","UP",0.0754796557939005,3.66652030803344e-05,"MSBB","UP: PID_ECADHERIN_NASCENT_AJ_PATHWAY"
"104","PID_ECADHERIN_STABILIZATION_PATHWAY","UP",0.100104435961611,2.67012066562623e-08,"Mayo","UP: PID_ECADHERIN_STABILIZATION_PATHWAY","UP",0.0690092182787476,0.00248955469824772,"MSBB","UP: PID_ECADHERIN_STABILIZATION_PATHWAY"
"105","PID_ERBB4_PATHWAY","UP",0.0394889846198929,0.00399480721475183,"Mayo","UP: PID_ERBB4_PATHWAY","UP",0.0911365965101091,1.66091838342425e-08,"MSBB","UP: PID_ERBB4_PATHWAY"
"106","PID_FAK_PATHWAY","UP",0.103861769073805,2.73962966190017e-13,"Mayo","UP: PID_FAK_PATHWAY","UP",0.0824647950916504,6.86698908331751e-06,"MSBB","UP: PID_FAK_PATHWAY"
"107","PID_FCER1_PATHWAY","UP",0.0849769340866406,0.000467447787724942,"Mayo","UP: PID_FCER1_PATHWAY","UP",0.119623486106315,2.251839581446e-05,"MSBB","UP: PID_FCER1_PATHWAY"
"108","PID_FGF_PATHWAY","UP",0.117314842011834,9.27724449058583e-09,"Mayo","UP: PID_FGF_PATHWAY","UP",0.0676083146796157,0.00148768025074386,"MSBB","UP: PID_FGF_PATHWAY"
"109","PID_FOXO_PATHWAY","UP",0.0866300121268614,6.56181891315783e-06,"Mayo","UP: PID_FOXO_PATHWAY","UP",0.0918478146380733,0.000133523276208059,"MSBB","UP: PID_FOXO_PATHWAY"
"110","PID_FRA_PATHWAY","UP",0.207423157069873,1.55195485583403e-07,"Mayo","UP: PID_FRA_PATHWAY","UP",0.16964442575996,0.000558428883676899,"MSBB","UP: PID_FRA_PATHWAY"
"111","PID_GLYPICAN_1PATHWAY","UP",0.296920657224912,2.16897713866537e-10,"Mayo","UP: PID_GLYPICAN_1PATHWAY","UP",0.172540404357178,0.00259867631152854,"MSBB","UP: PID_GLYPICAN_1PATHWAY"
"112","PID_GMCSF_PATHWAY","UP",0.0792858348312006,0.00371090281140358,"Mayo","UP: PID_GMCSF_PATHWAY","UP",0.105670929897089,0.00216310867152816,"MSBB","UP: PID_GMCSF_PATHWAY"
"113","PID_HES_HEY_PATHWAY","UP",0.0836556643327862,0.000537772199658259,"Mayo","UP: PID_HES_HEY_PATHWAY","UP",0.170027341185687,1.18888669152561e-07,"MSBB","UP: PID_HES_HEY_PATHWAY"
"114","PID_HIF1_TFPATHWAY","UP",0.159421088973496,7.05875241449876e-06,"Mayo","UP: PID_HIF1_TFPATHWAY","UP",0.126190890688611,0.00132630093758602,"MSBB","UP: PID_HIF1_TFPATHWAY"
"115","PID_HIF2PATHWAY","UP",0.116060281076196,0.00011123851591576,"Mayo","UP: PID_HIF2PATHWAY","UP",0.108688488582503,0.0018035972383685,"MSBB","UP: PID_HIF2PATHWAY"
"116","PID_IFNG_PATHWAY","UP",0.0427878574345153,0.00259345984815975,"Mayo","UP: PID_IFNG_PATHWAY","UP",0.0460251550957954,0.00266533953652457,"MSBB","UP: PID_IFNG_PATHWAY"
"117","PID_IL3_PATHWAY","UP",0.0723766840363999,0.00249814661722897,"Mayo","UP: PID_IL3_PATHWAY","UP",0.117873086366772,0.000356130191523041,"MSBB","UP: PID_IL3_PATHWAY"
"118","PID_IL8_CXCR1_PATHWAY","DOWN",-0.105985350082364,0.000261495378194434,"Mayo","DOWN: PID_IL8_CXCR1_PATHWAY","DOWN",-0.107513535372308,0.000274585003940481,"MSBB","DOWN: PID_IL8_CXCR1_PATHWAY"
"119","PID_INTEGRIN_A4B1_PATHWAY","UP",0.128387201866309,2.07926373988137e-07,"Mayo","UP: PID_INTEGRIN_A4B1_PATHWAY","UP",0.160020207661015,2.18170403245641e-05,"MSBB","UP: PID_INTEGRIN_A4B1_PATHWAY"
"120","PID_INTEGRIN_CS_PATHWAY","UP",0.192407220259258,4.55026174435518e-09,"Mayo","UP: PID_INTEGRIN_CS_PATHWAY","UP",0.191660363549847,7.49897108859735e-06,"MSBB","UP: PID_INTEGRIN_CS_PATHWAY"
"121","PID_INTEGRIN3_PATHWAY","UP",0.112081728318921,1.85054565662126e-05,"Mayo","UP: PID_INTEGRIN3_PATHWAY","UP",0.135660167615379,0.00125438543270045,"MSBB","UP: PID_INTEGRIN3_PATHWAY"
"122","PID_INTEGRIN4_PATHWAY","UP",0.260798923389438,2.07515160239133e-09,"Mayo","UP: PID_INTEGRIN4_PATHWAY","UP",0.279306695860351,8.829784742685e-06,"MSBB","UP: PID_INTEGRIN4_PATHWAY"
"123","PID_INTEGRIN5_PATHWAY","UP",0.19542260555042,2.76700910747244e-07,"Mayo","UP: PID_INTEGRIN5_PATHWAY","UP",0.318830485556607,2.43057416746202e-05,"MSBB","UP: PID_INTEGRIN5_PATHWAY"
"124","PID_LYSOPHOSPHOLIPID_PATHWAY","UP",0.0376904722849012,0.0020623924864877,"Mayo","UP: PID_LYSOPHOSPHOLIPID_PATHWAY","UP",0.0711667926415071,1.14882671960556e-05,"MSBB","UP: PID_LYSOPHOSPHOLIPID_PATHWAY"
"125","PID_MYC_REPRESS_PATHWAY","UP",0.161903343604354,5.27498067476438e-07,"Mayo","UP: PID_MYC_REPRESS_PATHWAY","UP",0.195557369720179,4.73668462265336e-06,"MSBB","UP: PID_MYC_REPRESS_PATHWAY"
"126","PID_NECTIN_PATHWAY","UP",0.097260780883103,4.7859280060487e-07,"Mayo","UP: PID_NECTIN_PATHWAY","UP",0.105699447694812,1.57657152849745e-05,"MSBB","UP: PID_NECTIN_PATHWAY"
"127","PID_NFAT_3PATHWAY","DOWN",-0.0957006331728187,4.99701122168816e-06,"Mayo","DOWN: PID_NFAT_3PATHWAY","DOWN",-0.0836143109163765,0.00044399248494065,"MSBB","DOWN: PID_NFAT_3PATHWAY"
"128","PID_NFKAPPAB_CANONICAL_PATHWAY","UP",0.148415210365095,1.71836330661287e-05,"Mayo","UP: PID_NFKAPPAB_CANONICAL_PATHWAY","UP",0.117139558959549,0.0015781608476206,"MSBB","UP: PID_NFKAPPAB_CANONICAL_PATHWAY"
"129","PID_PDGFRA_PATHWAY","UP",0.177375409008796,6.20309066356489e-09,"Mayo","UP: PID_PDGFRA_PATHWAY","UP",0.128364265586603,0.000564291592241805,"MSBB","UP: PID_PDGFRA_PATHWAY"
"130","PID_PDGFRB_PATHWAY","UP",0.0645384939456008,1.03089286407235e-08,"Mayo","UP: PID_PDGFRB_PATHWAY","UP",0.0736229247260526,7.04520306635446e-06,"MSBB","UP: PID_PDGFRB_PATHWAY"
"131","PID_PLK1_PATHWAY","DOWN",-0.0953256878453667,2.94493050759527e-08,"Mayo","DOWN: PID_PLK1_PATHWAY","DOWN",-0.0599908140500786,0.00108872732770143,"MSBB","DOWN: PID_PLK1_PATHWAY"
"132","PID_PTP1B_PATHWAY","UP",0.20409360033157,7.42538086613124e-12,"Mayo","UP: PID_PTP1B_PATHWAY","UP",0.170693411434605,1.58236770681108e-05,"MSBB","UP: PID_PTP1B_PATHWAY"
"133","PID_RXR_VDR_PATHWAY","UP",0.0734887519359652,0.0011465894081688,"Mayo","UP: PID_RXR_VDR_PATHWAY","UP",0.0958748159011584,0.000835272508966765,"MSBB","UP: PID_RXR_VDR_PATHWAY"
"134","PID_S1P_META_PATHWAY","UP",0.0757115589385877,0.000449000336376599,"Mayo","UP: PID_S1P_META_PATHWAY","UP",0.0908109190546141,0.00241880726522983,"MSBB","UP: PID_S1P_META_PATHWAY"
"135","PID_S1P_S1P1_PATHWAY","UP",0.0885547888309616,8.77429448349486e-05,"Mayo","UP: PID_S1P_S1P1_PATHWAY","UP",0.123126364194787,8.16312721939343e-06,"MSBB","UP: PID_S1P_S1P1_PATHWAY"
"136","PID_S1P_S1P3_PATHWAY","UP",0.18484405925969,5.30834211651515e-10,"Mayo","UP: PID_S1P_S1P3_PATHWAY","UP",0.142466139940826,8.51671771879739e-06,"MSBB","UP: PID_S1P_S1P3_PATHWAY"
"137","PID_SHP2_PATHWAY","UP",0.0827384520571972,8.61590897850269e-07,"Mayo","UP: PID_SHP2_PATHWAY","UP",0.0790470489582653,1.95260364558956e-05,"MSBB","UP: PID_SHP2_PATHWAY"
"138","PID_SMAD2_3NUCLEAR_PATHWAY","UP",0.084579643570808,9.88714999514023e-05,"Mayo","UP: PID_SMAD2_3NUCLEAR_PATHWAY","UP",0.102571458495271,3.47295946928586e-05,"MSBB","UP: PID_SMAD2_3NUCLEAR_PATHWAY"
"139","PID_SMAD2_3PATHWAY","UP",0.0684017705358397,0.000358556001604512,"Mayo","UP: PID_SMAD2_3PATHWAY","UP",0.0891026483200771,6.89507214600755e-05,"MSBB","UP: PID_SMAD2_3PATHWAY"
"140","PID_SYNDECAN_4_PATHWAY","UP",0.18502496710751,1.80912018210123e-09,"Mayo","UP: PID_SYNDECAN_4_PATHWAY","UP",0.169539211400861,0.000111341791058821,"MSBB","UP: PID_SYNDECAN_4_PATHWAY"
"141","PID_TGFBR_PATHWAY","UP",0.111593467241653,1.7481536774486e-08,"Mayo","UP: PID_TGFBR_PATHWAY","UP",0.115991488567072,2.8380966575801e-07,"MSBB","UP: PID_TGFBR_PATHWAY"
"142","PID_UPA_UPAR_PATHWAY","UP",0.214264917684722,7.68331931982794e-11,"Mayo","UP: PID_UPA_UPAR_PATHWAY","UP",0.160191509304265,0.000143673287663808,"MSBB","UP: PID_UPA_UPAR_PATHWAY"
"143","REACTOME_A_TETRASACCHARIDE_LINKER_SEQUENCE_IS_REQUIRED_FOR_GAG_SYNTHESIS","UP",0.22657089396666,1.61681098806672e-09,"Mayo","UP: REACTOME_A_TETRASACCHARIDE_LINKER_SEQUENCE_IS_REQUIRED_FOR_GAG_SYNTHESIS","UP",0.16474865846652,0.00053818835790195,"MSBB","UP: REACTOME_A_TETRASACCHARIDE_LINKER_SEQUENCE_IS_REQUIRED_FOR_GAG_SYNTHESIS"
"144","REACTOME_ACTIVATED_TAK1_MEDIATES_P38_MAPK_ACTIVATION","UP",0.0928087493011041,1.14777811063334e-06,"Mayo","UP: REACTOME_ACTIVATED_TAK1_MEDIATES_P38_MAPK_ACTIVATION","UP",0.105439737641744,0.000206130617858131,"MSBB","UP: REACTOME_ACTIVATED_TAK1_MEDIATES_P38_MAPK_ACTIVATION"
"145","REACTOME_ACTIVATION_OF_ATR_IN_RESPONSE_TO_REPLICATION_STRESS","DOWN",-0.205543053063274,2.13970242686312e-12,"Mayo","DOWN: REACTOME_ACTIVATION_OF_ATR_IN_RESPONSE_TO_REPLICATION_STRESS","DOWN",-0.140337451902985,4.75398432026232e-05,"MSBB","DOWN: REACTOME_ACTIVATION_OF_ATR_IN_RESPONSE_TO_REPLICATION_STRESS"
"146","REACTOME_ACTIVATION_OF_NF_KAPPAB_IN_B_CELLS","DOWN",-0.0450162790573563,0.00254560050513798,"Mayo","DOWN: REACTOME_ACTIVATION_OF_NF_KAPPAB_IN_B_CELLS","DOWN",-0.0821718412381409,0.000157802856666831,"MSBB","DOWN: REACTOME_ACTIVATION_OF_NF_KAPPAB_IN_B_CELLS"
"147","REACTOME_ACTIVATION_OF_THE_PRE_REPLICATIVE_COMPLEX","DOWN",-0.18457086213737,3.09580006327827e-10,"Mayo","DOWN: REACTOME_ACTIVATION_OF_THE_PRE_REPLICATIVE_COMPLEX","DOWN",-0.104976128353231,0.000609047993428412,"MSBB","DOWN: REACTOME_ACTIVATION_OF_THE_PRE_REPLICATIVE_COMPLEX"
"148","REACTOME_ADHERENS_JUNCTIONS_INTERACTIONS","DOWN",-0.0887741155696902,7.6679389423029e-05,"Mayo","DOWN: REACTOME_ADHERENS_JUNCTIONS_INTERACTIONS","DOWN",-0.121106547082844,0.000255236360597201,"MSBB","DOWN: REACTOME_ADHERENS_JUNCTIONS_INTERACTIONS"
"149","REACTOME_AMINE_LIGAND_BINDING_RECEPTORS","DOWN",-0.216922619900277,0.000283417111362338,"Mayo","DOWN: REACTOME_AMINE_LIGAND_BINDING_RECEPTORS","DOWN",-0.215672358808177,0.00326783328583421,"MSBB","DOWN: REACTOME_AMINE_LIGAND_BINDING_RECEPTORS"
"150","REACTOME_ANTIGEN_PROCESSING_UBIQUITINATION_PROTEASOME_DEGRADATION","DOWN",-0.0726366228576345,1.56734148356197e-08,"Mayo","DOWN: REACTOME_ANTIGEN_PROCESSING_UBIQUITINATION_PROTEASOME_DEGRADATION","DOWN",-0.0872945478426945,2.2246970895605e-07,"MSBB","DOWN: REACTOME_ANTIGEN_PROCESSING_UBIQUITINATION_PROTEASOME_DEGRADATION"
"151","REACTOME_APC_C_CDC20_MEDIATED_DEGRADATION_OF_CYCLIN_B","DOWN",-0.125915286268143,8.4887656633601e-08,"Mayo","DOWN: REACTOME_APC_C_CDC20_MEDIATED_DEGRADATION_OF_CYCLIN_B","DOWN",-0.133400217544939,2.78571232235137e-06,"MSBB","DOWN: REACTOME_APC_C_CDC20_MEDIATED_DEGRADATION_OF_CYCLIN_B"
"152","REACTOME_APC_C_CDC20_MEDIATED_DEGRADATION_OF_MITOTIC_PROTEINS","DOWN",-0.0834051245996101,5.57551084798088e-05,"Mayo","DOWN: REACTOME_APC_C_CDC20_MEDIATED_DEGRADATION_OF_MITOTIC_PROTEINS","DOWN",-0.121991117677718,7.1606026795741e-06,"MSBB","DOWN: REACTOME_APC_C_CDC20_MEDIATED_DEGRADATION_OF_MITOTIC_PROTEINS"
"153","REACTOME_APC_C_CDH1_MEDIATED_DEGRADATION_OF_CDC20_AND_OTHER_APC_C_CDH1_TARGETED_PROTEINS_IN_LATE_MITOSIS_EARLY_G1","DOWN",-0.08096598936093,5.90985405827102e-05,"Mayo","DOWN: REACTOME_APC_C_CDH1_MEDIATED_DEGRADATION_OF_CDC20_AND_OTHER_APC_C_CDH1_TARGETED_PROTEINS_IN_LATE_MITOSIS_EARLY_G1","DOWN",-0.116185803409881,6.80414282032155e-06,"MSBB","DOWN: REACTOME_APC_C_CDH1_MEDIATED_DEGRADATION_OF_CDC20_AND_OTHER_APC_C_CDH1_TARGETED_PROTEINS_IN_LATE_MITOSIS_EARLY_G1"
"154","REACTOME_APC_CDC20_MEDIATED_DEGRADATION_OF_NEK2A","DOWN",-0.121390893149432,9.42424154335351e-07,"Mayo","DOWN: REACTOME_APC_CDC20_MEDIATED_DEGRADATION_OF_NEK2A","DOWN",-0.12388729853837,5.53296831263294e-06,"MSBB","DOWN: REACTOME_APC_CDC20_MEDIATED_DEGRADATION_OF_NEK2A"
"155","REACTOME_ASSEMBLY_OF_THE_PRE_REPLICATIVE_COMPLEX","DOWN",-0.0977036412234549,5.4926191742157e-06,"Mayo","DOWN: REACTOME_ASSEMBLY_OF_THE_PRE_REPLICATIVE_COMPLEX","DOWN",-0.109386956151696,7.29410119513073e-05,"MSBB","DOWN: REACTOME_ASSEMBLY_OF_THE_PRE_REPLICATIVE_COMPLEX"
"156","REACTOME_ASSOCIATION_OF_LICENSING_FACTORS_WITH_THE_PRE_REPLICATIVE_COMPLEX","DOWN",-0.152141638461256,8.92836938171524e-09,"Mayo","DOWN: REACTOME_ASSOCIATION_OF_LICENSING_FACTORS_WITH_THE_PRE_REPLICATIVE_COMPLEX","DOWN",-0.105177700271729,0.00088573201718735,"MSBB","DOWN: REACTOME_ASSOCIATION_OF_LICENSING_FACTORS_WITH_THE_PRE_REPLICATIVE_COMPLEX"
"157","REACTOME_AUTODEGRADATION_OF_CDH1_BY_CDH1_APC_C","DOWN",-0.0688292304740545,0.00109666335882453,"Mayo","DOWN: REACTOME_AUTODEGRADATION_OF_CDH1_BY_CDH1_APC_C","DOWN",-0.123097297704682,9.99870746803975e-06,"MSBB","DOWN: REACTOME_AUTODEGRADATION_OF_CDH1_BY_CDH1_APC_C"
"158","REACTOME_BASE_EXCISION_REPAIR","DOWN",-0.180976923329702,6.3197157297628e-08,"Mayo","DOWN: REACTOME_BASE_EXCISION_REPAIR","DOWN",-0.139108898527875,6.86718537874651e-06,"MSBB","DOWN: REACTOME_BASE_EXCISION_REPAIR"
"159","REACTOME_BASE_FREE_SUGAR_PHOSPHATE_REMOVAL_VIA_THE_SINGLE_NUCLEOTIDE_REPLACEMENT_PATHWAY","DOWN",-0.214665614828937,6.59740896829656e-08,"Mayo","DOWN: REACTOME_BASE_FREE_SUGAR_PHOSPHATE_REMOVAL_VIA_THE_SINGLE_NUCLEOTIDE_REPLACEMENT_PATHWAY","DOWN",-0.178256458589661,6.78302710521139e-06,"MSBB","DOWN: REACTOME_BASE_FREE_SUGAR_PHOSPHATE_REMOVAL_VIA_THE_SINGLE_NUCLEOTIDE_REPLACEMENT_PATHWAY"
"160","REACTOME_BIOSYNTHESIS_OF_THE_N_GLYCAN_PRECURSOR_DOLICHOL_LIPID_LINKED_OLIGOSACCHARIDE_LLO_AND_TRANSFER_TO_A_NASCENT_PROTEIN","DOWN",-0.0940004688178193,4.07556906201457e-05,"Mayo","DOWN: REACTOME_BIOSYNTHESIS_OF_THE_N_GLYCAN_PRECURSOR_DOLICHOL_LIPID_LINKED_OLIGOSACCHARIDE_LLO_AND_TRANSFER_TO_A_NASCENT_PROTEIN","DOWN",-0.148297735945172,4.4485692344464e-07,"MSBB","DOWN: REACTOME_BIOSYNTHESIS_OF_THE_N_GLYCAN_PRECURSOR_DOLICHOL_LIPID_LINKED_OLIGOSACCHARIDE_LLO_AND_TRANSFER_TO_A_NASCENT_PROTEIN"
"161","REACTOME_CASPASE_MEDIATED_CLEAVAGE_OF_CYTOSKELETAL_PROTEINS","UP",0.135288951832936,2.77813223279085e-05,"Mayo","UP: REACTOME_CASPASE_MEDIATED_CLEAVAGE_OF_CYTOSKELETAL_PROTEINS","UP",0.180041408397126,5.3246436379656e-07,"MSBB","UP: REACTOME_CASPASE_MEDIATED_CLEAVAGE_OF_CYTOSKELETAL_PROTEINS"
"162","REACTOME_CDT1_ASSOCIATION_WITH_THE_CDC6_ORC_ORIGIN_COMPLEX","DOWN",-0.0786049603934815,9.33237296690267e-05,"Mayo","DOWN: REACTOME_CDT1_ASSOCIATION_WITH_THE_CDC6_ORC_ORIGIN_COMPLEX","DOWN",-0.110708733300392,4.23180046414685e-05,"MSBB","DOWN: REACTOME_CDT1_ASSOCIATION_WITH_THE_CDC6_ORC_ORIGIN_COMPLEX"
"163","REACTOME_CELL_CYCLE","DOWN",-0.086671470106766,8.24921196555363e-10,"Mayo","DOWN: REACTOME_CELL_CYCLE","DOWN",-0.0446609305045,0.00181719342596184,"MSBB","DOWN: REACTOME_CELL_CYCLE"
"164","REACTOME_CELL_CYCLE_CHECKPOINTS","DOWN",-0.110865099072168,1.36004013678085e-08,"Mayo","DOWN: REACTOME_CELL_CYCLE_CHECKPOINTS","DOWN",-0.10937958115868,4.91347397450647e-06,"MSBB","DOWN: REACTOME_CELL_CYCLE_CHECKPOINTS"
"165","REACTOME_CELL_CYCLE_MITOTIC","DOWN",-0.0914551741301154,3.61221212882045e-10,"Mayo","DOWN: REACTOME_CELL_CYCLE_MITOTIC","DOWN",-0.0516780579181418,0.00021110444828075,"MSBB","DOWN: REACTOME_CELL_CYCLE_MITOTIC"
"166","REACTOME_CELL_EXTRACELLULAR_MATRIX_INTERACTIONS","UP",0.25108263552435,6.11145362823382e-14,"Mayo","UP: REACTOME_CELL_EXTRACELLULAR_MATRIX_INTERACTIONS","UP",0.169136245820348,0.000303361949016515,"MSBB","UP: REACTOME_CELL_EXTRACELLULAR_MATRIX_INTERACTIONS"
"167","REACTOME_CELL_SURFACE_INTERACTIONS_AT_THE_VASCULAR_WALL","UP",0.139149693056539,7.13242644091156e-09,"Mayo","UP: REACTOME_CELL_SURFACE_INTERACTIONS_AT_THE_VASCULAR_WALL","UP",0.110625797042819,6.45196524435279e-05,"MSBB","UP: REACTOME_CELL_SURFACE_INTERACTIONS_AT_THE_VASCULAR_WALL"
"168","REACTOME_CHONDROITIN_SULFATE_BIOSYNTHESIS","UP",0.316441248147917,3.64447876211844e-15,"Mayo","UP: REACTOME_CHONDROITIN_SULFATE_BIOSYNTHESIS","UP",0.213990047293555,2.74202466251535e-05,"MSBB","UP: REACTOME_CHONDROITIN_SULFATE_BIOSYNTHESIS"
"169","REACTOME_CHONDROITIN_SULFATE_DERMATAN_SULFATE_METABOLISM","UP",0.155403788784079,1.66804642785437e-09,"Mayo","UP: REACTOME_CHONDROITIN_SULFATE_DERMATAN_SULFATE_METABOLISM","UP",0.118606835869189,0.000194766595120423,"MSBB","UP: REACTOME_CHONDROITIN_SULFATE_DERMATAN_SULFATE_METABOLISM"
"170","REACTOME_CLASS_C_3_METABOTROPIC_GLUTAMATE_PHEROMONE_RECEPTORS","DOWN",-0.176923702973094,3.85304691377811e-05,"Mayo","DOWN: REACTOME_CLASS_C_3_METABOTROPIC_GLUTAMATE_PHEROMONE_RECEPTORS","DOWN",-0.21141811356723,0.000258040992916114,"MSBB","DOWN: REACTOME_CLASS_C_3_METABOTROPIC_GLUTAMATE_PHEROMONE_RECEPTORS"
"171","REACTOME_CLASS_I_MHC_MEDIATED_ANTIGEN_PROCESSING_PRESENTATION","DOWN",-0.0459463598924286,1.37407852858857e-06,"Mayo","DOWN: REACTOME_CLASS_I_MHC_MEDIATED_ANTIGEN_PROCESSING_PRESENTATION","DOWN",-0.0569006750471624,5.57591842409451e-06,"MSBB","DOWN: REACTOME_CLASS_I_MHC_MEDIATED_ANTIGEN_PROCESSING_PRESENTATION"
"172","REACTOME_CONVERSION_FROM_APC_C_CDC20_TO_APC_C_CDH1_IN_LATE_ANAPHASE","DOWN",-0.113775244795518,7.5232756820285e-06,"Mayo","DOWN: REACTOME_CONVERSION_FROM_APC_C_CDC20_TO_APC_C_CDH1_IN_LATE_ANAPHASE","DOWN",-0.128789524946473,1.02172646489437e-05,"MSBB","DOWN: REACTOME_CONVERSION_FROM_APC_C_CDC20_TO_APC_C_CDH1_IN_LATE_ANAPHASE"
"173","REACTOME_CS_DS_DEGRADATION","UP",0.274821705884799,6.41763104437549e-11,"Mayo","UP: REACTOME_CS_DS_DEGRADATION","UP",0.177928138977896,0.000265066889462942,"MSBB","UP: REACTOME_CS_DS_DEGRADATION"
"174","REACTOME_CYCLIN_A_B1_ASSOCIATED_EVENTS_DURING_G2_M_TRANSITION","DOWN",-0.148855762089737,3.58568489034623e-06,"Mayo","DOWN: REACTOME_CYCLIN_A_B1_ASSOCIATED_EVENTS_DURING_G2_M_TRANSITION","DOWN",-0.112066275641975,0.000856965416723138,"MSBB","DOWN: REACTOME_CYCLIN_A_B1_ASSOCIATED_EVENTS_DURING_G2_M_TRANSITION"
"175","REACTOME_CYCLIN_E_ASSOCIATED_EVENTS_DURING_G1_S_TRANSITION_","DOWN",-0.0472633964162614,0.00204426636613789,"Mayo","DOWN: REACTOME_CYCLIN_E_ASSOCIATED_EVENTS_DURING_G1_S_TRANSITION_","DOWN",-0.096584685739068,1.23391500833414e-05,"MSBB","DOWN: REACTOME_CYCLIN_E_ASSOCIATED_EVENTS_DURING_G1_S_TRANSITION_"
"176","REACTOME_DEADENYLATION_DEPENDENT_MRNA_DECAY","DOWN",-0.107723633558524,2.51916319978123e-07,"Mayo","DOWN: REACTOME_DEADENYLATION_DEPENDENT_MRNA_DECAY","DOWN",-0.0573855446104241,0.00115861880061037,"MSBB","DOWN: REACTOME_DEADENYLATION_DEPENDENT_MRNA_DECAY"
"177","REACTOME_DESTABILIZATION_OF_MRNA_BY_KSRP","DOWN",-0.176650929931267,1.03582323999611e-07,"Mayo","DOWN: REACTOME_DESTABILIZATION_OF_MRNA_BY_KSRP","DOWN",-0.106302240044848,0.000224562483362227,"MSBB","DOWN: REACTOME_DESTABILIZATION_OF_MRNA_BY_KSRP"
"178","REACTOME_DNA_REPAIR","DOWN",-0.138754380339529,3.84900703056691e-09,"Mayo","DOWN: REACTOME_DNA_REPAIR","DOWN",-0.0726497381076563,0.000602975605952911,"MSBB","DOWN: REACTOME_DNA_REPAIR"
"179","REACTOME_DNA_REPLICATION","DOWN",-0.0829623519327329,1.17993067627535e-08,"Mayo","DOWN: REACTOME_DNA_REPLICATION","DOWN",-0.0634829979546979,9.55825712223327e-05,"MSBB","DOWN: REACTOME_DNA_REPLICATION"
"180","REACTOME_DNA_STRAND_ELONGATION","DOWN",-0.158607679725119,1.04769291424026e-08,"Mayo","DOWN: REACTOME_DNA_STRAND_ELONGATION","DOWN",-0.0931867007592055,0.00110093672917225,"MSBB","DOWN: REACTOME_DNA_STRAND_ELONGATION"
"181","REACTOME_DSCAM_INTERACTIONS","DOWN",-0.191070318008978,1.55268589909707e-07,"Mayo","DOWN: REACTOME_DSCAM_INTERACTIONS","DOWN",-0.198087260568813,3.66964128318555e-05,"MSBB","DOWN: REACTOME_DSCAM_INTERACTIONS"
"182","REACTOME_EFFECTS_OF_PIP2_HYDROLYSIS","DOWN",-0.244529460148673,2.40364806111026e-08,"Mayo","DOWN: REACTOME_EFFECTS_OF_PIP2_HYDROLYSIS","DOWN",-0.186455243438056,9.21299610242202e-05,"MSBB","DOWN: REACTOME_EFFECTS_OF_PIP2_HYDROLYSIS"
"183","REACTOME_ENDOSOMAL_SORTING_COMPLEX_REQUIRED_FOR_TRANSPORT_ESCRT","DOWN",-0.081288569564107,0.000363228187638846,"Mayo","DOWN: REACTOME_ENDOSOMAL_SORTING_COMPLEX_REQUIRED_FOR_TRANSPORT_ESCRT","DOWN",-0.0970075060545582,2.79592615814974e-05,"MSBB","DOWN: REACTOME_ENDOSOMAL_SORTING_COMPLEX_REQUIRED_FOR_TRANSPORT_ESCRT"
"184","REACTOME_EXTENSION_OF_TELOMERES","DOWN",-0.12227208884893,7.49291171040435e-07,"Mayo","DOWN: REACTOME_EXTENSION_OF_TELOMERES","DOWN",-0.114074626518113,3.61093527370454e-05,"MSBB","DOWN: REACTOME_EXTENSION_OF_TELOMERES"
"185","REACTOME_FORMATION_OF_TRANSCRIPTION_COUPLED_NER_TC_NER_REPAIR_COMPLEX","DOWN",-0.154266281186733,2.61285647377328e-10,"Mayo","DOWN: REACTOME_FORMATION_OF_TRANSCRIPTION_COUPLED_NER_TC_NER_REPAIR_COMPLEX","DOWN",-0.117160737768224,8.34549293884774e-05,"MSBB","DOWN: REACTOME_FORMATION_OF_TRANSCRIPTION_COUPLED_NER_TC_NER_REPAIR_COMPLEX"
"186","REACTOME_G_ALPHA_Q_SIGNALLING_EVENTS","DOWN",-0.114093418541381,3.42655535668654e-05,"Mayo","DOWN: REACTOME_G_ALPHA_Q_SIGNALLING_EVENTS","DOWN",-0.105398272563863,0.000375807503983363,"MSBB","DOWN: REACTOME_G_ALPHA_Q_SIGNALLING_EVENTS"
"187","REACTOME_G_ALPHA_S_SIGNALLING_EVENTS","DOWN",-0.085890765300291,2.59494891171181e-05,"Mayo","DOWN: REACTOME_G_ALPHA_S_SIGNALLING_EVENTS","DOWN",-0.0870679953731199,0.000160631843365788,"MSBB","DOWN: REACTOME_G_ALPHA_S_SIGNALLING_EVENTS"
"188","REACTOME_G1_S_TRANSITION","DOWN",-0.0884410098657151,3.89406979764225e-08,"Mayo","DOWN: REACTOME_G1_S_TRANSITION","DOWN",-0.0884014825462923,1.67040931398567e-05,"MSBB","DOWN: REACTOME_G1_S_TRANSITION"
"189","REACTOME_G2_M_CHECKPOINTS","DOWN",-0.197867158436013,2.06767531312773e-13,"Mayo","DOWN: REACTOME_G2_M_CHECKPOINTS","DOWN",-0.12796223869694,5.77147612364306e-05,"MSBB","DOWN: REACTOME_G2_M_CHECKPOINTS"
"190","REACTOME_GABA_A_RECEPTOR_ACTIVATION","DOWN",-0.311309920663442,0.000783544440582298,"Mayo","DOWN: REACTOME_GABA_A_RECEPTOR_ACTIVATION","DOWN",-0.448185169732055,9.23351407651906e-05,"MSBB","DOWN: REACTOME_GABA_A_RECEPTOR_ACTIVATION"
"191","REACTOME_GASTRIN_CREB_SIGNALLING_PATHWAY_VIA_PKC_AND_MAPK","DOWN",-0.0836954235327962,0.00020560431608578,"Mayo","DOWN: REACTOME_GASTRIN_CREB_SIGNALLING_PATHWAY_VIA_PKC_AND_MAPK","DOWN",-0.0783612880638866,0.00136630695367683,"MSBB","DOWN: REACTOME_GASTRIN_CREB_SIGNALLING_PATHWAY_VIA_PKC_AND_MAPK"
"192","REACTOME_GLOBAL_GENOMIC_NER_GG_NER","DOWN",-0.143938000856477,8.53252255050096e-08,"Mayo","DOWN: REACTOME_GLOBAL_GENOMIC_NER_GG_NER","DOWN",-0.0755383335305777,0.00146411972354343,"MSBB","DOWN: REACTOME_GLOBAL_GENOMIC_NER_GG_NER"
"193","REACTOME_GLYCOGEN_BREAKDOWN_GLYCOGENOLYSIS","UP",0.184829155791553,2.00814739630265e-07,"Mayo","UP: REACTOME_GLYCOGEN_BREAKDOWN_GLYCOGENOLYSIS","UP",0.144810130414152,0.000148774080680293,"MSBB","UP: REACTOME_GLYCOGEN_BREAKDOWN_GLYCOGENOLYSIS"
"194","REACTOME_GLYCOSPHINGOLIPID_METABOLISM","DOWN",-0.132385637180201,2.38439707903552e-10,"Mayo","DOWN: REACTOME_GLYCOSPHINGOLIPID_METABOLISM","DOWN",-0.0767110604405725,0.00251495857562347,"MSBB","DOWN: REACTOME_GLYCOSPHINGOLIPID_METABOLISM"
"195","REACTOME_GPCR_LIGAND_BINDING","DOWN",-0.0676748879214566,0.00169230671630825,"Mayo","DOWN: REACTOME_GPCR_LIGAND_BINDING","DOWN",-0.0802157919536384,0.00173835744456891,"MSBB","DOWN: REACTOME_GPCR_LIGAND_BINDING"
"196","REACTOME_GRB2_SOS_PROVIDES_LINKAGE_TO_MAPK_SIGNALING_FOR_INTERGRINS_","UP",0.191868888530744,6.77016846743391e-06,"Mayo","UP: REACTOME_GRB2_SOS_PROVIDES_LINKAGE_TO_MAPK_SIGNALING_FOR_INTERGRINS_","UP",0.19367629917188,3.4379852626051e-05,"MSBB","UP: REACTOME_GRB2_SOS_PROVIDES_LINKAGE_TO_MAPK_SIGNALING_FOR_INTERGRINS_"
"197","REACTOME_HIV_INFECTION","DOWN",-0.0760056962785491,9.36523454008999e-08,"Mayo","DOWN: REACTOME_HIV_INFECTION","DOWN",-0.0737267823845685,2.30755495278558e-05,"MSBB","DOWN: REACTOME_HIV_INFECTION"
"198","REACTOME_HIV_LIFE_CYCLE","DOWN",-0.0962727173647757,2.22977847806535e-09,"Mayo","DOWN: REACTOME_HIV_LIFE_CYCLE","DOWN",-0.0664124368217303,0.000298406133410199,"MSBB","DOWN: REACTOME_HIV_LIFE_CYCLE"
"199","REACTOME_HOST_INTERACTIONS_OF_HIV_FACTORS","DOWN",-0.0653074964979306,7.14290286368242e-06,"Mayo","DOWN: REACTOME_HOST_INTERACTIONS_OF_HIV_FACTORS","DOWN",-0.0709264150948612,4.91624712346329e-05,"MSBB","DOWN: REACTOME_HOST_INTERACTIONS_OF_HIV_FACTORS"
"200","REACTOME_INCRETIN_SYNTHESIS_SECRETION_AND_INACTIVATION","DOWN",-0.168009631540861,1.65197180742791e-07,"Mayo","DOWN: REACTOME_INCRETIN_SYNTHESIS_SECRETION_AND_INACTIVATION","DOWN",-0.160883905860536,5.34060853220569e-05,"MSBB","DOWN: REACTOME_INCRETIN_SYNTHESIS_SECRETION_AND_INACTIVATION"
"201","REACTOME_INHIBITION_OF_THE_PROTEOLYTIC_ACTIVITY_OF_APC_C_REQUIRED_FOR_THE_ONSET_OF_ANAPHASE_BY_MITOTIC_SPINDLE_CHECKPOINT_COMPONENTS","DOWN",-0.140508215145214,2.93551764517743e-07,"Mayo","DOWN: REACTOME_INHIBITION_OF_THE_PROTEOLYTIC_ACTIVITY_OF_APC_C_REQUIRED_FOR_THE_ONSET_OF_ANAPHASE_BY_MITOTIC_SPINDLE_CHECKPOINT_COMPONENTS","DOWN",-0.147826170678293,2.65087707060894e-06,"MSBB","DOWN: REACTOME_INHIBITION_OF_THE_PROTEOLYTIC_ACTIVITY_OF_APC_C_REQUIRED_FOR_THE_ONSET_OF_ANAPHASE_BY_MITOTIC_SPINDLE_CHECKPOINT_COMPONENTS"
"202","REACTOME_INSULIN_RECEPTOR_RECYCLING","DOWN",-0.0511501287849758,0.0036814479038974,"Mayo","DOWN: REACTOME_INSULIN_RECEPTOR_RECYCLING","DOWN",-0.0870611760350062,0.00246863203609137,"MSBB","DOWN: REACTOME_INSULIN_RECEPTOR_RECYCLING"
"203","REACTOME_INSULIN_SYNTHESIS_AND_PROCESSING","DOWN",-0.181313084438765,4.2544617586824e-08,"Mayo","DOWN: REACTOME_INSULIN_SYNTHESIS_AND_PROCESSING","DOWN",-0.191819427344101,1.53851802517654e-06,"MSBB","DOWN: REACTOME_INSULIN_SYNTHESIS_AND_PROCESSING"
"204","REACTOME_INTEGRATION_OF_ENERGY_METABOLISM","DOWN",-0.0520748803025258,0.00359174322218004,"Mayo","DOWN: REACTOME_INTEGRATION_OF_ENERGY_METABOLISM","DOWN",-0.0864320264063889,7.01519963973716e-05,"MSBB","DOWN: REACTOME_INTEGRATION_OF_ENERGY_METABOLISM"
"205","REACTOME_INTEGRIN_CELL_SURFACE_INTERACTIONS","UP",0.119052349670504,6.8614638712838e-07,"Mayo","UP: REACTOME_INTEGRIN_CELL_SURFACE_INTERACTIONS","UP",0.144565316150656,9.94156954009043e-05,"MSBB","UP: REACTOME_INTEGRIN_CELL_SURFACE_INTERACTIONS"
"206","REACTOME_INTERACTION_BETWEEN_L1_AND_ANKYRINS","DOWN",-0.245159356440101,0.000140273002888299,"Mayo","DOWN: REACTOME_INTERACTION_BETWEEN_L1_AND_ANKYRINS","DOWN",-0.229187812526527,0.000298154588357596,"MSBB","DOWN: REACTOME_INTERACTION_BETWEEN_L1_AND_ANKYRINS"
"207","REACTOME_ION_CHANNEL_TRANSPORT","DOWN",-0.180717353894748,1.12591724515516e-05,"Mayo","DOWN: REACTOME_ION_CHANNEL_TRANSPORT","DOWN",-0.204851290704506,2.87309614736633e-05,"MSBB","DOWN: REACTOME_ION_CHANNEL_TRANSPORT"
"208","REACTOME_KINESINS","DOWN",-0.078616513367731,0.000188149169894766,"Mayo","DOWN: REACTOME_KINESINS","DOWN",-0.097393605204019,0.000213701949533667,"MSBB","DOWN: REACTOME_KINESINS"
"209","REACTOME_LAGGING_STRAND_SYNTHESIS","DOWN",-0.134825010588559,3.30227422265726e-07,"Mayo","DOWN: REACTOME_LAGGING_STRAND_SYNTHESIS","DOWN",-0.102746245205534,0.000225844419383944,"MSBB","DOWN: REACTOME_LAGGING_STRAND_SYNTHESIS"
"210","REACTOME_LATE_PHASE_OF_HIV_LIFE_CYCLE","DOWN",-0.106106962072853,3.20981479453938e-09,"Mayo","DOWN: REACTOME_LATE_PHASE_OF_HIV_LIFE_CYCLE","DOWN",-0.0761290908774011,0.00017288833929239,"MSBB","DOWN: REACTOME_LATE_PHASE_OF_HIV_LIFE_CYCLE"
"211","REACTOME_LIGAND_GATED_ION_CHANNEL_TRANSPORT","DOWN",-0.314998853288913,0.00011007020768111,"Mayo","DOWN: REACTOME_LIGAND_GATED_ION_CHANNEL_TRANSPORT","DOWN",-0.481546251561932,1.07980261373619e-05,"MSBB","DOWN: REACTOME_LIGAND_GATED_ION_CHANNEL_TRANSPORT"
"212","REACTOME_M_G1_TRANSITION","DOWN",-0.102739790871375,1.82091893574189e-06,"Mayo","DOWN: REACTOME_M_G1_TRANSITION","DOWN",-0.106630761126295,3.64631534126517e-05,"MSBB","DOWN: REACTOME_M_G1_TRANSITION"
"213","REACTOME_METABOLISM_OF_NON_CODING_RNA","DOWN",-0.128737737385337,2.94752483336708e-07,"Mayo","DOWN: REACTOME_METABOLISM_OF_NON_CODING_RNA","DOWN",-0.0751763864941224,0.000518877737821896,"MSBB","DOWN: REACTOME_METABOLISM_OF_NON_CODING_RNA"
"214","REACTOME_METABOLISM_OF_NUCLEOTIDES","DOWN",-0.0582967564081668,0.000288174139846815,"Mayo","DOWN: REACTOME_METABOLISM_OF_NUCLEOTIDES","DOWN",-0.0515867669732659,0.00193687578373765,"MSBB","DOWN: REACTOME_METABOLISM_OF_NUCLEOTIDES"
"215","REACTOME_METABOLISM_OF_PROTEINS","DOWN",-0.0378377647097428,0.000435113481829185,"Mayo","DOWN: REACTOME_METABOLISM_OF_PROTEINS","DOWN",-0.0488681839120056,0.000235096370318248,"MSBB","DOWN: REACTOME_METABOLISM_OF_PROTEINS"
"216","REACTOME_METABOLISM_OF_VITAMINS_AND_COFACTORS","DOWN",-0.105725122059318,3.56622152739404e-07,"Mayo","DOWN: REACTOME_METABOLISM_OF_VITAMINS_AND_COFACTORS","DOWN",-0.103663098489641,2.20589961877117e-05,"MSBB","DOWN: REACTOME_METABOLISM_OF_VITAMINS_AND_COFACTORS"
"217","REACTOME_MITOCHONDRIAL_PROTEIN_IMPORT","DOWN",-0.11029258196829,1.12800170291696e-07,"Mayo","DOWN: REACTOME_MITOCHONDRIAL_PROTEIN_IMPORT","DOWN",-0.174264873822027,4.11191000609781e-07,"MSBB","DOWN: REACTOME_MITOCHONDRIAL_PROTEIN_IMPORT"
"218","REACTOME_MITOCHONDRIAL_TRNA_AMINOACYLATION","DOWN",-0.0947510388635697,0.000225456450455459,"Mayo","DOWN: REACTOME_MITOCHONDRIAL_TRNA_AMINOACYLATION","DOWN",-0.0979653430045898,0.00220784211703455,"MSBB","DOWN: REACTOME_MITOCHONDRIAL_TRNA_AMINOACYLATION"
"219","REACTOME_MITOTIC_G1_G1_S_PHASES","DOWN",-0.0779385005154082,1.20858416881491e-08,"Mayo","DOWN: REACTOME_MITOTIC_G1_G1_S_PHASES","DOWN",-0.0710206538649055,3.84461153089036e-05,"MSBB","DOWN: REACTOME_MITOTIC_G1_G1_S_PHASES"
"220","REACTOME_MITOTIC_M_M_G1_PHASES","DOWN",-0.0839499171436079,6.52637857467459e-08,"Mayo","DOWN: REACTOME_MITOTIC_M_M_G1_PHASES","DOWN",-0.0607410183566366,0.000502370732401834,"MSBB","DOWN: REACTOME_MITOTIC_M_M_G1_PHASES"
"221","REACTOME_MRNA_CAPPING","DOWN",-0.149922750345274,2.27395930797265e-10,"Mayo","DOWN: REACTOME_MRNA_CAPPING","DOWN",-0.0882939979679655,0.00207219039252244,"MSBB","DOWN: REACTOME_MRNA_CAPPING"
"222","REACTOME_MRNA_DECAY_BY_3_TO_5_EXORIBONUCLEASE","DOWN",-0.235280776815058,5.58119434536231e-08,"Mayo","DOWN: REACTOME_MRNA_DECAY_BY_3_TO_5_EXORIBONUCLEASE","DOWN",-0.127149287563242,0.00035317690484212,"MSBB","DOWN: REACTOME_MRNA_DECAY_BY_3_TO_5_EXORIBONUCLEASE"
"223","REACTOME_MRNA_DECAY_BY_5_TO_3_EXORIBONUCLEASE","DOWN",-0.0800045952172526,0.000440571988001191,"Mayo","DOWN: REACTOME_MRNA_DECAY_BY_5_TO_3_EXORIBONUCLEASE","DOWN",-0.115124724652853,2.58779927856093e-06,"MSBB","DOWN: REACTOME_MRNA_DECAY_BY_5_TO_3_EXORIBONUCLEASE"
"224","REACTOME_NEURONAL_SYSTEM","DOWN",-0.190339670194626,4.28085454183205e-06,"Mayo","DOWN: REACTOME_NEURONAL_SYSTEM","DOWN",-0.19428322524048,0.000171010367069365,"MSBB","DOWN: REACTOME_NEURONAL_SYSTEM"
"225","REACTOME_NEUROTRANSMITTER_RELEASE_CYCLE","DOWN",-0.143934225277171,0.000375196596440144,"Mayo","DOWN: REACTOME_NEUROTRANSMITTER_RELEASE_CYCLE","DOWN",-0.124667100522792,0.00164168531256067,"MSBB","DOWN: REACTOME_NEUROTRANSMITTER_RELEASE_CYCLE"
"226","REACTOME_NOTCH_HLH_TRANSCRIPTION_PATHWAY","UP",0.176568281001352,1.38184235573793e-07,"Mayo","UP: REACTOME_NOTCH_HLH_TRANSCRIPTION_PATHWAY","UP",0.238296305500603,2.09134251787678e-07,"MSBB","UP: REACTOME_NOTCH_HLH_TRANSCRIPTION_PATHWAY"
"227","REACTOME_NUCLEOTIDE_EXCISION_REPAIR","DOWN",-0.131758370514157,2.9872115047518e-08,"Mayo","DOWN: REACTOME_NUCLEOTIDE_EXCISION_REPAIR","DOWN",-0.0833023471150806,0.000762811573047197,"MSBB","DOWN: REACTOME_NUCLEOTIDE_EXCISION_REPAIR"
"228","REACTOME_ORC1_REMOVAL_FROM_CHROMATIN","DOWN",-0.0765112829940249,1.35944564262195e-05,"Mayo","DOWN: REACTOME_ORC1_REMOVAL_FROM_CHROMATIN","DOWN",-0.0971993607010647,8.96634080752512e-05,"MSBB","DOWN: REACTOME_ORC1_REMOVAL_FROM_CHROMATIN"
"229","REACTOME_P130CAS_LINKAGE_TO_MAPK_SIGNALING_FOR_INTEGRINS","UP",0.169386474486877,6.225482350221e-05,"Mayo","UP: REACTOME_P130CAS_LINKAGE_TO_MAPK_SIGNALING_FOR_INTEGRINS","UP",0.182448622892929,8.31528981738688e-05,"MSBB","UP: REACTOME_P130CAS_LINKAGE_TO_MAPK_SIGNALING_FOR_INTEGRINS"
"230","REACTOME_P53_INDEPENDENT_G1_S_DNA_DAMAGE_CHECKPOINT","DOWN",-0.0579799408434785,0.00414724173437879,"Mayo","DOWN: REACTOME_P53_INDEPENDENT_G1_S_DNA_DAMAGE_CHECKPOINT","DOWN",-0.095982646071251,0.000570759864819498,"MSBB","DOWN: REACTOME_P53_INDEPENDENT_G1_S_DNA_DAMAGE_CHECKPOINT"
"231","REACTOME_PHOSPHORYLATION_OF_THE_APC_C","DOWN",-0.148320254672425,1.57481292599226e-08,"Mayo","DOWN: REACTOME_PHOSPHORYLATION_OF_THE_APC_C","DOWN",-0.158386401756927,9.1520021978937e-07,"MSBB","DOWN: REACTOME_PHOSPHORYLATION_OF_THE_APC_C"
"232","REACTOME_POL_SWITCHING","DOWN",-0.119120187788435,1.11072751807388e-06,"Mayo","DOWN: REACTOME_POL_SWITCHING","DOWN",-0.077693705991994,0.0012351451290955,"MSBB","DOWN: REACTOME_POL_SWITCHING"
"233","REACTOME_POST_TRANSLATIONAL_PROTEIN_MODIFICATION","DOWN",-0.0726613555297449,3.1446365097684e-06,"Mayo","DOWN: REACTOME_POST_TRANSLATIONAL_PROTEIN_MODIFICATION","DOWN",-0.0632030344053687,0.000157261874438731,"MSBB","DOWN: REACTOME_POST_TRANSLATIONAL_PROTEIN_MODIFICATION"
"234","REACTOME_POTASSIUM_CHANNELS","DOWN",-0.188266657176178,8.07820752293774e-05,"Mayo","DOWN: REACTOME_POTASSIUM_CHANNELS","DOWN",-0.253546023560704,8.87055911474572e-05,"MSBB","DOWN: REACTOME_POTASSIUM_CHANNELS"
"235","REACTOME_PRE_NOTCH_PROCESSING_IN_GOLGI","UP",0.125987827256722,2.03993725559371e-05,"Mayo","UP: REACTOME_PRE_NOTCH_PROCESSING_IN_GOLGI","UP",0.100593894994385,0.000120138197441653,"MSBB","UP: REACTOME_PRE_NOTCH_PROCESSING_IN_GOLGI"
"236","REACTOME_PROCESSING_OF_CAPPED_INTRONLESS_PRE_MRNA","DOWN",-0.0661164510894166,0.000253658564220499,"Mayo","DOWN: REACTOME_PROCESSING_OF_CAPPED_INTRONLESS_PRE_MRNA","DOWN",-0.0690338408996181,0.00252526193285738,"MSBB","DOWN: REACTOME_PROCESSING_OF_CAPPED_INTRONLESS_PRE_MRNA"
"237","REACTOME_PROTEOLYTIC_CLEAVAGE_OF_SNARE_COMPLEX_PROTEINS","DOWN",-0.0687626796145886,0.00374799059352915,"Mayo","DOWN: REACTOME_PROTEOLYTIC_CLEAVAGE_OF_SNARE_COMPLEX_PROTEINS","DOWN",-0.0829737618379379,0.00213056480680187,"MSBB","DOWN: REACTOME_PROTEOLYTIC_CLEAVAGE_OF_SNARE_COMPLEX_PROTEINS"
"238","REACTOME_PYRIMIDINE_CATABOLISM","DOWN",-0.21799090789326,1.99396291225341e-08,"Mayo","DOWN: REACTOME_PYRIMIDINE_CATABOLISM","DOWN",-0.130058821847493,8.19782232189686e-05,"MSBB","DOWN: REACTOME_PYRIMIDINE_CATABOLISM"
"239","REACTOME_PYRIMIDINE_METABOLISM","DOWN",-0.126443938457264,8.6721376865334e-08,"Mayo","DOWN: REACTOME_PYRIMIDINE_METABOLISM","DOWN",-0.0863236391089015,0.00169699055305316,"MSBB","DOWN: REACTOME_PYRIMIDINE_METABOLISM"
"240","REACTOME_RAS_ACTIVATION_UOPN_CA2_INFUX_THROUGH_NMDA_RECEPTOR","DOWN",-0.279665273390941,1.11794854073286e-10,"Mayo","DOWN: REACTOME_RAS_ACTIVATION_UOPN_CA2_INFUX_THROUGH_NMDA_RECEPTOR","DOWN",-0.125925574173274,0.00326956161915383,"MSBB","DOWN: REACTOME_RAS_ACTIVATION_UOPN_CA2_INFUX_THROUGH_NMDA_RECEPTOR"
"241","REACTOME_REGULATION_OF_INSULIN_SECRETION","DOWN",-0.0703928601626136,0.000494140695835274,"Mayo","DOWN: REACTOME_REGULATION_OF_INSULIN_SECRETION","DOWN",-0.101377018392775,4.36113049659889e-05,"MSBB","DOWN: REACTOME_REGULATION_OF_INSULIN_SECRETION"
"242","REACTOME_REGULATION_OF_MITOTIC_CELL_CYCLE","DOWN",-0.0885810267743548,6.07132289892321e-07,"Mayo","DOWN: REACTOME_REGULATION_OF_MITOTIC_CELL_CYCLE","DOWN",-0.119640443439973,1.03413654083115e-06,"MSBB","DOWN: REACTOME_REGULATION_OF_MITOTIC_CELL_CYCLE"
"243","REACTOME_REPAIR_SYNTHESIS_FOR_GAP_FILLING_BY_DNA_POL_IN_TC_NER","DOWN",-0.0969946050021152,0.000222231019601785,"Mayo","DOWN: REACTOME_REPAIR_SYNTHESIS_FOR_GAP_FILLING_BY_DNA_POL_IN_TC_NER","DOWN",-0.0838417634175579,0.00190169169884666,"MSBB","DOWN: REACTOME_REPAIR_SYNTHESIS_FOR_GAP_FILLING_BY_DNA_POL_IN_TC_NER"
"244","REACTOME_RESOLUTION_OF_AP_SITES_VIA_THE_MULTIPLE_NUCLEOTIDE_PATCH_REPLACEMENT_PATHWAY","DOWN",-0.180645403332889,3.95760498672783e-08,"Mayo","DOWN: REACTOME_RESOLUTION_OF_AP_SITES_VIA_THE_MULTIPLE_NUCLEOTIDE_PATCH_REPLACEMENT_PATHWAY","DOWN",-0.136619832046187,9.76775158844973e-06,"MSBB","DOWN: REACTOME_RESOLUTION_OF_AP_SITES_VIA_THE_MULTIPLE_NUCLEOTIDE_PATCH_REPLACEMENT_PATHWAY"
"245","REACTOME_RESOLUTION_OF_AP_SITES_VIA_THE_SINGLE_NUCLEOTIDE_REPLACEMENT_PATHWAY","DOWN",-0.209520486241217,1.04588274373583e-07,"Mayo","DOWN: REACTOME_RESOLUTION_OF_AP_SITES_VIA_THE_SINGLE_NUCLEOTIDE_REPLACEMENT_PATHWAY","DOWN",-0.175258042761755,4.62934261283001e-06,"MSBB","DOWN: REACTOME_RESOLUTION_OF_AP_SITES_VIA_THE_SINGLE_NUCLEOTIDE_REPLACEMENT_PATHWAY"
"246","REACTOME_RNA_POL_I_RNA_POL_III_AND_MITOCHONDRIAL_TRANSCRIPTION","DOWN",-0.0917787574081557,5.96266468897742e-05,"Mayo","DOWN: REACTOME_RNA_POL_I_RNA_POL_III_AND_MITOCHONDRIAL_TRANSCRIPTION","DOWN",-0.0957043753870631,0.00180160086092858,"MSBB","DOWN: REACTOME_RNA_POL_I_RNA_POL_III_AND_MITOCHONDRIAL_TRANSCRIPTION"
"247","REACTOME_RNA_POL_I_TRANSCRIPTION_INITIATION","DOWN",-0.140755806099514,1.14912083654609e-08,"Mayo","DOWN: REACTOME_RNA_POL_I_TRANSCRIPTION_INITIATION","DOWN",-0.100851816627238,0.000589192181896089,"MSBB","DOWN: REACTOME_RNA_POL_I_TRANSCRIPTION_INITIATION"
"248","REACTOME_RNA_POL_II_PRE_TRANSCRIPTION_EVENTS","DOWN",-0.109539487359415,1.48663043663481e-09,"Mayo","DOWN: REACTOME_RNA_POL_II_PRE_TRANSCRIPTION_EVENTS","DOWN",-0.0763572397284947,0.000653483606086142,"MSBB","DOWN: REACTOME_RNA_POL_II_PRE_TRANSCRIPTION_EVENTS"
"249","REACTOME_RNA_POL_II_TRANSCRIPTION","DOWN",-0.10160787946639,1.4692401309454e-09,"Mayo","DOWN: REACTOME_RNA_POL_II_TRANSCRIPTION","DOWN",-0.0689769761428948,0.00086154491671016,"MSBB","DOWN: REACTOME_RNA_POL_II_TRANSCRIPTION"
"250","REACTOME_RNA_POL_II_TRANSCRIPTION_PRE_INITIATION_AND_PROMOTER_OPENING","DOWN",-0.139521869649731,2.0139962414218e-11,"Mayo","DOWN: REACTOME_RNA_POL_II_TRANSCRIPTION_PRE_INITIATION_AND_PROMOTER_OPENING","DOWN",-0.124117392544768,5.89197102694983e-06,"MSBB","DOWN: REACTOME_RNA_POL_II_TRANSCRIPTION_PRE_INITIATION_AND_PROMOTER_OPENING"
"251","REACTOME_RNA_POL_III_CHAIN_ELONGATION","DOWN",-0.169339995728205,1.36032007069066e-08,"Mayo","DOWN: REACTOME_RNA_POL_III_CHAIN_ELONGATION","DOWN",-0.207008008282209,3.14073932126669e-07,"MSBB","DOWN: REACTOME_RNA_POL_III_CHAIN_ELONGATION"
"252","REACTOME_RNA_POL_III_TRANSCRIPTION","DOWN",-0.128706726055481,1.82477409501872e-07,"Mayo","DOWN: REACTOME_RNA_POL_III_TRANSCRIPTION","DOWN",-0.153216009128034,2.50702611068255e-06,"MSBB","DOWN: REACTOME_RNA_POL_III_TRANSCRIPTION"
"253","REACTOME_RNA_POL_III_TRANSCRIPTION_INITIATION_FROM_TYPE_2_PROMOTER","DOWN",-0.163492958584658,7.68744114673043e-09,"Mayo","DOWN: REACTOME_RNA_POL_III_TRANSCRIPTION_INITIATION_FROM_TYPE_2_PROMOTER","DOWN",-0.181838445036618,5.21764117809959e-07,"MSBB","DOWN: REACTOME_RNA_POL_III_TRANSCRIPTION_INITIATION_FROM_TYPE_2_PROMOTER"
"254","REACTOME_RNA_POL_III_TRANSCRIPTION_INITIATION_FROM_TYPE_3_PROMOTER","DOWN",-0.153033006978388,2.48147806180265e-08,"Mayo","DOWN: REACTOME_RNA_POL_III_TRANSCRIPTION_INITIATION_FROM_TYPE_3_PROMOTER","DOWN",-0.181341559164347,5.88092628153096e-07,"MSBB","DOWN: REACTOME_RNA_POL_III_TRANSCRIPTION_INITIATION_FROM_TYPE_3_PROMOTER"
"255","REACTOME_RNA_POL_III_TRANSCRIPTION_TERMINATION","DOWN",-0.132752469189492,5.33888745597264e-07,"Mayo","DOWN: REACTOME_RNA_POL_III_TRANSCRIPTION_TERMINATION","DOWN",-0.176578058648427,1.79622936465851e-06,"MSBB","DOWN: REACTOME_RNA_POL_III_TRANSCRIPTION_TERMINATION"
"256","REACTOME_RORA_ACTIVATES_CIRCADIAN_EXPRESSION","UP",0.0943585980761381,8.20354771857375e-05,"Mayo","UP: REACTOME_RORA_ACTIVATES_CIRCADIAN_EXPRESSION","UP",0.103279309012045,0.00134455440612669,"MSBB","UP: REACTOME_RORA_ACTIVATES_CIRCADIAN_EXPRESSION"
"257","REACTOME_S_PHASE","DOWN",-0.0930632396769159,2.88833614132655e-08,"Mayo","DOWN: REACTOME_S_PHASE","DOWN",-0.0893735399563402,6.31950401238797e-06,"MSBB","DOWN: REACTOME_S_PHASE"
"258","REACTOME_SIGNALING_BY_GPCR","DOWN",-0.0743160099419108,5.10079904000152e-05,"Mayo","DOWN: REACTOME_SIGNALING_BY_GPCR","DOWN",-0.0654613221793618,0.00192094055278579,"MSBB","DOWN: REACTOME_SIGNALING_BY_GPCR"
"259","REACTOME_SIGNALING_BY_HIPPO","UP",0.236610387339849,1.24453206636443e-10,"Mayo","UP: REACTOME_SIGNALING_BY_HIPPO","UP",0.302829151226939,2.70153758200617e-09,"MSBB","UP: REACTOME_SIGNALING_BY_HIPPO"
"260","REACTOME_SIGNALING_BY_SCF_KIT","UP",0.0382641481689608,0.000943279859436918,"Mayo","UP: REACTOME_SIGNALING_BY_SCF_KIT","UP",0.0612980670844857,3.61696080058728e-06,"MSBB","UP: REACTOME_SIGNALING_BY_SCF_KIT"
"261","REACTOME_SYNTHESIS_OF_DNA","DOWN",-0.095003287313268,1.41940161820653e-07,"Mayo","DOWN: REACTOME_SYNTHESIS_OF_DNA","DOWN",-0.100019258057518,9.77536977380837e-06,"MSBB","DOWN: REACTOME_SYNTHESIS_OF_DNA"
"262","REACTOME_SYNTHESIS_OF_PC","UP",0.0940165237423662,0.000428923778816288,"Mayo","UP: REACTOME_SYNTHESIS_OF_PC","UP",0.0990167143047536,0.00104050999561134,"MSBB","UP: REACTOME_SYNTHESIS_OF_PC"
"263","REACTOME_SYNTHESIS_SECRETION_AND_INACTIVATION_OF_GLP1","DOWN",-0.168009631540861,1.65197180742791e-07,"Mayo","DOWN: REACTOME_SYNTHESIS_SECRETION_AND_INACTIVATION_OF_GLP1","DOWN",-0.160883905860536,5.34060853220569e-05,"MSBB","DOWN: REACTOME_SYNTHESIS_SECRETION_AND_INACTIVATION_OF_GLP1"
"264","REACTOME_TAK1_ACTIVATES_NFKB_BY_PHOSPHORYLATION_AND_ACTIVATION_OF_IKKS_COMPLEX","UP",0.0923232659502955,0.000882062127138263,"Mayo","UP: REACTOME_TAK1_ACTIVATES_NFKB_BY_PHOSPHORYLATION_AND_ACTIVATION_OF_IKKS_COMPLEX","UP",0.124552125609835,8.27796312107387e-05,"MSBB","UP: REACTOME_TAK1_ACTIVATES_NFKB_BY_PHOSPHORYLATION_AND_ACTIVATION_OF_IKKS_COMPLEX"
"265","REACTOME_TCA_CYCLE_AND_RESPIRATORY_ELECTRON_TRANSPORT","DOWN",-0.0598708887069761,0.00316861710118804,"Mayo","DOWN: REACTOME_TCA_CYCLE_AND_RESPIRATORY_ELECTRON_TRANSPORT","DOWN",-0.15540908108139,2.74746184478148e-07,"MSBB","DOWN: REACTOME_TCA_CYCLE_AND_RESPIRATORY_ELECTRON_TRANSPORT"
"266","REACTOME_TGF_BETA_RECEPTOR_SIGNALING_ACTIVATES_SMADS","UP",0.077321482224962,0.000425965449451842,"Mayo","UP: REACTOME_TGF_BETA_RECEPTOR_SIGNALING_ACTIVATES_SMADS","UP",0.13937759767123,4.95829657764604e-07,"MSBB","UP: REACTOME_TGF_BETA_RECEPTOR_SIGNALING_ACTIVATES_SMADS"
"267","REACTOME_TGF_BETA_RECEPTOR_SIGNALING_IN_EMT_EPITHELIAL_TO_MESENCHYMAL_TRANSITION","UP",0.116336541870929,8.57395206594045e-07,"Mayo","UP: REACTOME_TGF_BETA_RECEPTOR_SIGNALING_IN_EMT_EPITHELIAL_TO_MESENCHYMAL_TRANSITION","UP",0.12667383587967,3.73280703416191e-05,"MSBB","UP: REACTOME_TGF_BETA_RECEPTOR_SIGNALING_IN_EMT_EPITHELIAL_TO_MESENCHYMAL_TRANSITION"
"268","REACTOME_TRAF6_MEDIATED_INDUCTION_OF_TAK1_COMPLEX","UP",0.187121738378772,7.49170915157853e-08,"Mayo","UP: REACTOME_TRAF6_MEDIATED_INDUCTION_OF_TAK1_COMPLEX","UP",0.13270729133324,0.000752087020093208,"MSBB","UP: REACTOME_TRAF6_MEDIATED_INDUCTION_OF_TAK1_COMPLEX"
"269","REACTOME_TRAFFICKING_OF_GLUR2_CONTAINING_AMPA_RECEPTORS","DOWN",-0.168384746237866,0.00111930848201986,"Mayo","DOWN: REACTOME_TRAFFICKING_OF_GLUR2_CONTAINING_AMPA_RECEPTORS","DOWN",-0.16520356017455,0.00297577316092525,"MSBB","DOWN: REACTOME_TRAFFICKING_OF_GLUR2_CONTAINING_AMPA_RECEPTORS"
"270","REACTOME_TRANSCRIPTION","DOWN",-0.0872586020286032,1.71785312611578e-07,"Mayo","DOWN: REACTOME_TRANSCRIPTION","DOWN",-0.0775303874853397,0.000553126151769235,"MSBB","DOWN: REACTOME_TRANSCRIPTION"
"271","REACTOME_TRANSCRIPTION_COUPLED_NER_TC_NER","DOWN",-0.142752642218192,8.74447768951326e-10,"Mayo","DOWN: REACTOME_TRANSCRIPTION_COUPLED_NER_TC_NER","DOWN",-0.105944593403562,5.71505338169072e-05,"MSBB","DOWN: REACTOME_TRANSCRIPTION_COUPLED_NER_TC_NER"
"272","REACTOME_TRANSMISSION_ACROSS_CHEMICAL_SYNAPSES","DOWN",-0.179338159575727,1.12505671081195e-05,"Mayo","DOWN: REACTOME_TRANSMISSION_ACROSS_CHEMICAL_SYNAPSES","DOWN",-0.146525802273018,0.00118243007658882,"MSBB","DOWN: REACTOME_TRANSMISSION_ACROSS_CHEMICAL_SYNAPSES"
"273","REACTOME_VITAMIN_B5_PANTOTHENATE_METABOLISM","DOWN",-0.163583467436397,6.52781643320795e-08,"Mayo","DOWN: REACTOME_VITAMIN_B5_PANTOTHENATE_METABOLISM","DOWN",-0.149938221135732,0.000246708097944815,"MSBB","DOWN: REACTOME_VITAMIN_B5_PANTOTHENATE_METABOLISM"
"274","REACTOME_VOLTAGE_GATED_POTASSIUM_CHANNELS","DOWN",-0.32032977032629,1.40098824314686e-06,"Mayo","DOWN: REACTOME_VOLTAGE_GATED_POTASSIUM_CHANNELS","DOWN",-0.418895269844317,1.52010842959685e-05,"MSBB","DOWN: REACTOME_VOLTAGE_GATED_POTASSIUM_CHANNELS"
"275","REACTOME_YAP1_AND_WWTR1_TAZ_STIMULATED_GENE_EXPRESSION","UP",0.273987907921212,6.03452584621949e-14,"Mayo","UP: REACTOME_YAP1_AND_WWTR1_TAZ_STIMULATED_GENE_EXPRESSION","UP",0.240203548592178,5.41832169523112e-07,"MSBB","UP: REACTOME_YAP1_AND_WWTR1_TAZ_STIMULATED_GENE_EXPRESSION"
"276","SIG_INSULIN_RECEPTOR_PATHWAY_IN_CARDIAC_MYOCYTES","UP",0.0791198294345615,2.43072531663212e-08,"Mayo","UP: SIG_INSULIN_RECEPTOR_PATHWAY_IN_CARDIAC_MYOCYTES","UP",0.0798774280795249,6.29463667505076e-06,"MSBB","UP: SIG_INSULIN_RECEPTOR_PATHWAY_IN_CARDIAC_MYOCYTES"
"277","ST_P38_MAPK_PATHWAY","UP",0.0610498870757871,0.000292694359287893,"Mayo","UP: ST_P38_MAPK_PATHWAY","UP",0.0828171286888824,0.000360971793333142,"MSBB","UP: ST_P38_MAPK_PATHWAY"
